CVE,CVSS3,EPSS,EPSS Percentile,Description,Vendor,Product
CVE-2021-23758,8.1,0.89096,0.99768,Ajax.NET Professional (AjaxPro) contains a deserialization of untrusted data vulnerability that could allow for remote code execution via arbitrary .NET classes. The impacted product(s) could be end-of-life (EoL) and/or end-of-service (EoS). Users are advised to discontinue use and/or transition to a supported version.,Ajax.NET Professional,Ajax.NET Professional
CVE-2015-3246,5.1,0.07092,0.93742,Red Hat libuser contains a race condition vulnerability that allows authenticated local users to corrupt the /etc/passwd file to cause a denial of service or privilege escalation. ,Red Hat,Libuser
CVE-2015-5287,7.8,0.03412,0.87992,Red Hat Automatic Bug Reporting Tool (ABRT) contains a privilege escalation vulnerability that could allow local users with certain permissions to gain privileges via a symlink attack on a file with a predictable name. The impacted product(s) could be end-of-life (EoL) and/or end-of-service (EoS). Users are advised to discontinue use and/or transition to a supported version.,Red Hat,Automatic Bug Reporting Tool
CVE-2022-0995,7.8,0.06344,0.93111,Linux Kernel contains an out-of-bounds memory write vulnerability which could allow a local user to gain privileged access or cause a denial of service on the system.,Linux,Kernel
CVE-2019-1068,8.8,0.44665,0.98673,Microsoft SQL Server contains a remote code execution vulnerability that could allow an attacker to execute code in the context of the SQL Server Database Engine service account.,Microsoft,SQL Server
CVE-2008-4128,4.3,0.3368,0.9826,"Cisco IOS 12.4 contains multiple cross-site forgery vulnerabilities that allows remote attackers to execute arbitrary commands via (1) a certain ""show privilege"" command to the /level/15/exec/- URI, and (2) a certain ""alias exec"" command to the /level/15/exec/-/configure/http URI.",Cisco,IOS
CVE-2024-21182,7.5,0.74162,0.99445,"Oracle WebLogic contains an unspecified vulnerability that could allow an unauthenticated attacker with network access via T3, IIOP to compromise Oracle WebLogic Server. Successful attacks of this vulnerability can result in unauthorized access to critical data or complete access to all Oracle WebLogic Server accessible data.",Oracle,WebLogic Server
CVE-2008-4250,9.8,0.98751,0.99923,Microsoft Windows contains a buffer overflow vulnerability in the Windows Server Service that allows remote attackers to execute arbitrary code via a crafted RPC request that triggers an overflow during path canonicalization.,Microsoft,Windows
CVE-2009-1537,8.8,0.51207,0.98849,Microsoft DirectX contains a NULL byte overwrite vulnerability in the QuickTime Movie Parser Filter in quartz.dll in DirectShow which could allow remote attackers to execute arbitrary code via a crafted QuickTime media file.,Microsoft,DirectX
CVE-2009-3459,8.8,0.86583,0.99723,Adobe Acrobat and Reader contain a heap-based buffer overflow vulnerability which could allow remote attackers to execute arbitrary code via a crafted PDF file that triggers memory corruption.,Adobe,Acrobat and Reader
CVE-2010-0249,8.8,0.91885,0.99808,Microsoft Internet Explorer contains an use-after-free vulnerability that could allow remote attackers to execute arbitrary code by accessing a pointer associated with a deleted object. The impacted product could be end-of-life (EoL) and/or end-of-service (EoS). Users should discontinue product utilization.,Microsoft,Internet Explorer
CVE-2010-0806,8.8,0.82172,0.9963,Microsoft Internet Explorer contains an use-after-free vulnerability that could allow remote attackers to execute arbitrary code via vectors involving access to an invalid pointer after the deletion of an object. The impacted product could be end-of-life (EoL) and/or end-of-service (EoS). Users should discontinue product utilization.,Microsoft,Internet Explorer
CVE-2024-1708,8.4,0.9549,0.99863,ConnectWise ScreenConnect contains a path traversal vulnerability which could allow an attacker to execute remote code or directly impact confidential data and critical systems.,ConnectWise,ScreenConnect
CVE-2024-7399,8.8,0.91941,0.9981,Samsung MagicINFO 9 Server contains a path traversal vulnerability that could allow an attacker to write arbitrary files as system authority.,Samsung,MagicINFO 9 Server
CVE-2024-57728,7.2,0.06982,0.93653,SimpleHelp contains a path traversal vulnerability that allows admin users to upload arbitrary files anywhere on the file system by uploading a crafted zip file (i.e. zip slip). This can be exploited to execute arbitrary code on the host in the context of the SimpleHelp server user.,SimpleHelp ,SimpleHelp
CVE-2024-57726,9.9,0.66601,0.99228,SimpleHelp contains a missing authorization vulnerability that could allow low-privileged technicians to create API keys with excessive permissions. These API keys can be used to escalate privileges to the server admin role.,SimpleHelp ,SimpleHelp
CVE-2024-27199,7.3,0.99991,0.99985,JetBrains TeamCity contains a relative path traversal vulnerability that could allow limited admin actions to be performed.,JetBrains,TeamCity
CVE-2009-0238,8.8,0.43063,0.98621,Microsoft Office Excel contains a remote code execution vulnerability that could allow an attacker to take complete control of an affected system if a user opens a specially crafted Excel file that includes a malformed object.,Microsoft,Office
CVE-2012-1854,7.8,0.21028,0.97387,Microsoft Visual Basic for Applications (VBA) contains an insecure library loading vulnerability that could allow for remote code execution.,Microsoft,Visual Basic for Applications (VBA)
CVE-2020-9715,7.8,0.48441,0.98776,Adobe Acrobat contains a use-after-free vulnerability that allows for code execution,Adobe,Acrobat
CVE-2017-7921,9.8,0.99998,0.9999,Multiple Hikvision products contain an improper authentication vulnerability that could allow a malicious user to escalate privileges on the system and gain access to sensitive information.,Hikvision,Multiple Products
CVE-2020-7796,9.8,0.84418,0.99681,Synacor Zimbra Collaboration Suite (ZCS) contains a server-side request forgery vulnerability if WebEx zimlet installed and zimlet JSP is enabled.,Synacor,Zimbra Collaboration Suite
CVE-2024-7694,7.2,0.01807,0.76949,"TeamT5 ThreatSonar Anti-Ransomware contains an unrestricted upload of file with dangerous type vulnerability. ThreatSonar Anti-Ransomware does not properly validate the content of uploaded files. Remote attackers with administrator privileges on the product platform can upload malicious files, which can be used to execute arbitrary system commands on the server.",TeamT5,ThreatSonar Anti-Ransomware
CVE-2008-0015,8.8,0.76733,0.99506,"Microsoft Windows Video ActiveX Control contains a remote code execution vulnerability. An attacker could exploit the vulnerability by constructing a specially crafted Web page. When a user views the Web page, the vulnerability could allow remote code execution. An attacker who successfully exploited this vulnerability could gain the same user rights as the logged-on user.",Microsoft,Windows
CVE-2024-43468,9.8,0.82148,0.99629,Microsoft Configuration Manager contains an SQL injection vulnerability. An unauthenticated attacker could exploit this vulnerability by sending specially crafted requests to the target environment which are processed in an unsafe manner enabling the attacker to execute commands on the server and/or underlying database.,Microsoft,Configuration Manager
CVE-2018-14634,,0.14689,0.96405,Linux Kernel contains an integer overflow vulnerability in the create_elf_tables() function which could allow an unprivileged local user with access to SUID (or otherwise privileged) binary to escalate their privileges on the system.,Linux,Kernel
CVE-2024-37079,9.8,0.22377,0.97511,"Broadcom VMware vCenter Server contains an out-of-bounds write vulnerability in the implementation of the DCERPC protocol. This could allow a malicious actor with network access to vCenter Server to send specially crafted network packets, potentially leading to remote code execution.",Broadcom,VMware vCenter Server
CVE-2009-0556,8.8,0.67539,0.99254,Microsoft Office PowerPoint contains a code injection vulnerability that allows remote attackers to execute arbitrary code via a PowerPoint file with an OutlineTextRefAtom containing an invalid index value that triggers memory corruption.,Microsoft,Office
CVE-2018-4063,8.8,0.27512,0.97922,"Sierra Wireless AirLink ALEOS contains an unrestricted upload of file with dangerous type vulnerability. A specially crafted HTTP request can upload a file, resulting in executable code being uploaded, and routable, to the webserver. An attacker can make an authenticated HTTP request to trigger this vulnerability. The impacted product could be end-of-life (EoL) and/or end-of-service (EoS). Users should discontinue product utilization.",Sierra Wireless,AirLink ALEOS
CVE-2016-7836,9.8,0.1938,0.9715,SKYSEA Client View contains an improper authentication vulnerability that allows remote code execution via a flaw in processing authentication on the TCP connection with the management console program.,SKYSEA,Client View
CVE-2010-3962,8.1,0.96889,0.99884,Microsoft Internet Explorer contains an uninitialized memory corruption vulnerability that could allow for remote code execution. The impacted product could be end-of-life (EoL) and/or end-of-service (EoS). Users should discontinue product utilization.,Microsoft,Internet Explorer
CVE-2013-3918,8.8,0.73872,0.99437,"Microsoft Windows contains an out-of-bounds write vulnerability in the InformationCardSigninHelper Class ActiveX control, icardie.dll. An attacker could exploit the vulnerability by constructing a specially crafted webpage. When a user views the webpage, the vulnerability could allow remote code execution. An attacker who successfully exploited this vulnerability could gain the same user rights as the current user. The impacted product could be end-of-life (EoL) and/or end-of-service (EoS). Users should discontinue product utilization.",Microsoft,Windows
CVE-2011-3402,8.8,0.78285,0.99544,Microsoft Windows Kernel contains an unspecified vulnerability in the TrueType font parsing engine in win32k.sys in the kernel-mode drivers that allows remote attackers to execute arbitrary code via crafted font data in a Word document or web page.,Microsoft,Windows
CVE-2010-3765,9.8,0.83279,0.99654,"Mozilla Firefox, SeaMonkey, and Thunderbird contain an unspecified vulnerability when JavaScript is enabled. This allows remote attackers to execute arbitrary code via vectors related to nsCSSFrameConstructor::ContentAppended, the appendChild method, incorrect index tracking, and the creation of multiple frames, which triggers memory corruption.",Mozilla,Multiple Products
CVE-2014-6278,8.8,0.99621,0.99946,GNU Bash contains an OS command injection vulnerability which allows remote attackers to execute arbitrary commands via a crafted environment.,GNU,GNU Bash
CVE-2017-1000353,9.8,0.99679,0.99948,"Jenkins contains a remote code execution vulnerability. This vulnerability that could allowed attackers to transfer a serialized Java SignedObject object to the remoting-based Jenkins CLI, that would be deserialized using a new ObjectInputStream, bypassing the existing blocklist-based protection mechanism.",Jenkins,Jenkins
CVE-2020-24363,8.8,0.20689,0.97344,TP-link TL-WA855RE contains a missing authentication for critical function vulnerability. This vulnerability could allow an unauthenticated attacker (on the same network) to submit a TDDP_RESET POST request for a factory reset and reboot. The attacker can then obtain incorrect access control by setting a new administrative password. The impacted products could be end-of-life (EoL) and/or end-of-service (EoS). Users should discontinue product utilization.,TP-Link,TL-WA855RE
CVE-2024-8068,8.0,0.01395,0.70364,Citrix Session Recording contains an improper privilege management vulnerability that could allow for privilege escalation to NetworkService Account access. An attacker must be an authenticated user in the same Windows Active Directory domain as the session recording server domain.,Citrix,Session Recording
CVE-2024-8069,8.0,0.14643,0.96394,Citrix Session Recording contains a deserialization of untrusted data vulnerability that allows limited remote code execution with privilege of a NetworkService Account access. Attacker must be an authenticated user on the same intranet as the session recording server.,Citrix,Session Recording
CVE-2007-0671,8.8,0.42139,0.9859,"Microsoft Office Excel contains a remote code execution vulnerability that can be exploited when a specially crafted Excel file is opened. This malicious file could be delivered as an email attachment or hosted on a malicious website. An attacker could leverage this vulnerability by creating a specially crafted Excel file, which, when opened, allowing an attacker to execute remote code on the affected system.",Microsoft,Office
CVE-2013-3893,8.8,0.8593,0.99712,Microsoft Internet Explorer contains a memory corruption vulnerability that allows for remote code execution. The impacted products could be end-of-life (EoL) and/or end-of-service (EoS). Users should discontinue product utilization.,Microsoft,Internet Explorer
CVE-2020-25078,7.5,0.97901,0.99904,D-Link DCS-2530L and DCS-2670L devices contains an unspecified vulnerability that could allow for remote administrator password disclosure. The impacted products could be end-of-life (EoL) and/or end-of-service (EoS). Users should discontinue product utilization.,D-Link,DCS-2530L and DCS-2670L Devices
CVE-2020-25079,8.8,0.52717,0.98885,D-Link DCS-2530L and DCS-2670L devices contains a command injection vulnerability in the cgi-bin/ddns_enc.cgi. The impacted products could be end-of-life (EoL) and/or end-of-service (EoS). Users should discontinue product utilization.,D-Link,DCS-2530L and DCS-2670L Devices
CVE-2016-10033,9.8,0.99714,0.9995,"PHPMailer contains a command injection vulnerability because it fails to sanitize user-supplied input. Specifically, this issue affects the 'mail()' function of 'class.phpmailer.php' script. An attacker can exploit this issue to execute arbitrary code within the context of the application. Failed exploit attempts will result in a denial-of-service condition.",PHP,PHPMailer
CVE-2014-3931,9.8,0.28978,0.98015,Multi-Router Looking Glass (MRLG) contains a buffer overflow vulnerability that could allow remote attackers to cause an arbitrary memory write and memory corruption.,Looking Glass,Multi-Router Looking Glass (MRLG)
CVE-2024-0769,5.3,0.82714,0.99643,D-Link DIR-859 routers contain a path traversal vulnerability in the file /hedwig.cgi of the component HTTP POST Request Handler. Manipulation of the argument service with the input ../../../../htdocs/webinc/getcfg/DHCPS6.BRIDGE-1.xml allows for the leakage of session data potentially enabling privilege escalation and unauthorized control of the device. This vulnerability affects legacy D-Link products. All associated hardware revisions have reached their end-of-life (EOL) or end-of-service (EOS) life cycle and should be retired and replaced per vendor instructions.,D-Link,DIR-859 Router
CVE-2024-54085,9.8,0.60747,0.99081,"AMI MegaRAC SPx contains an authentication bypass by spoofing vulnerability in the Redfish Host Interface. A successful exploitation of this vulnerability may lead to a loss of confidentiality, integrity, and/or availability.",AMI,MegaRAC SPx
CVE-2024-42009,9.3,0.81537,0.99613,RoundCube Webmail contains a cross-site scripting vulnerability. This vulnerability could allow a remote attacker to steal and send emails of a victim via a crafted e-mail message that abuses a Desanitization issue in message_body() in program/actions/mail/show.php.,Roundcube,Webmail
CVE-2024-56145,9.8,0.97446,0.99894,Craft CMS contains a code injection vulnerability. Users with affected versions are vulnerable to remote code execution if their php.ini configuration has `register_argc_argv` enabled.,Craft CMS,Craft CMS
CVE-2024-27443,6.1,0.23632,0.97633,"Zimbra Collaboration contains a cross-site scripting (XSS) vulnerability in the CalendarInvite feature of the Zimbra webmail classic user interface. An attacker can exploit this vulnerability via an email message containing a crafted calendar header, leading to the execution of arbitrary JavaScript code.",Synacor,Zimbra Collaboration Suite (ZCS)
CVE-2024-11182,6.1,0.17705,0.96928,MDaemon Email Server contains a cross-site scripting (XSS) vulnerability that allows a remote attacker to load arbitrary JavaScript code via an HTML e-mail message.,MDaemon,Email Server
CVE-2024-12987,7.3,0.98084,0.99908,"DrayTek Vigor2960, Vigor300B, and Vigor3900 routers contain an OS command injection vulnerability due to an unknown function of the file /cgi-bin/mainfunction.cgi/apmcfgupload of the component web management interface.",DrayTek,Vigor Routers
CVE-2024-11120,9.8,0.28386,0.97978,"Multiple GeoVision devices contain an OS command injection vulnerability that allows a remote, unauthenticated attacker to inject and execute arbitrary system commands. The impacted products could be end-of-life (EoL) and/or end-of-service (EoS). Users should discontinue product utilization.",GeoVision,Multiple Devices
CVE-2024-6047,9.8,0.10072,0.95276,"Multiple GeoVision devices contain an OS command injection vulnerability that allows a remote, unauthenticated attacker to inject and execute arbitrary system commands. The impacted products could be end-of-life (EoL) and/or end-of-service (EoS). Users should discontinue product utilization.",GeoVision,Multiple Devices
CVE-2024-58136,9.0,0.8464,0.99687,"Yii Framework contains an improper protection of alternate path vulnerability that may allow a remote attacker to execute arbitrary code. This vulnerability could affect other products that implement Yii, including—but not limited to—Craft CMS, as represented by CVE-2025-32432.",Yiiframework,Yii
CVE-2024-38475,9.1,0.99957,0.99974,"Apache HTTP Server contains an improper escaping of output vulnerability in mod_rewrite that allows an attacker to map URLs to filesystem locations that are permitted to be served by the server but are not intentionally/directly reachable by any URL, resulting in code execution or source code disclosure.",Apache,HTTP Server
CVE-2024-53150,7.1,0.01351,0.69464,"Linux Kernel contains an out-of-bounds read vulnerability in the USB-audio driver that allows a local, privileged attacker to obtain potentially sensitive information.",Linux,Kernel
CVE-2024-53197,7.8,0.03558,0.88458,"Linux Kernel contains an out-of-bounds access vulnerability in the USB-audio driver that allows an attacker with physical access to the system to use a malicious USB device to potentially manipulate system memory, escalate privileges, or execute arbitrary code.",Linux,Kernel
CVE-2024-20439,9.8,0.92062,0.99812,"Cisco Smart Licensing Utility contains a static credential vulnerability that allows an unauthenticated, remote attacker to log in to an affected system and gain administrative credentials.",Cisco,Smart Licensing Utility
CVE-2017-12637,7.5,0.95111,0.99856,SAP NetWeaver Application Server (AS) Java contains a directory traversal vulnerability in scheduler/ui/js/ffffffffbca41eb4/UIUtilJavaScriptJS that allows a remote attacker to read arbitrary files via a .. (dot dot) in the query string.,SAP,NetWeaver
CVE-2024-48248,8.6,0.94356,0.99843,NAKIVO Backup and Replication contains an absolute path traversal vulnerability that enables an attacker to read arbitrary files.,NAKIVO,Backup and Replication
CVE-2024-13161,9.8,0.90081,0.99785,Ivanti Endpoint Manager (EPM) contains an absolute path traversal vulnerability that allows a remote unauthenticated attacker to leak sensitive information.,Ivanti,Endpoint Manager (EPM)
CVE-2024-13160,9.8,0.91247,0.998,Ivanti Endpoint Manager (EPM) contains an absolute path traversal vulnerability that allows a remote unauthenticated attacker to leak sensitive information.,Ivanti,Endpoint Manager (EPM)
CVE-2024-13159,9.8,0.99992,0.99986,Ivanti Endpoint Manager (EPM) contains an absolute path traversal vulnerability that allows a remote unauthenticated attacker to leak sensitive information.,Ivanti,Endpoint Manager (EPM)
CVE-2024-57968,9.9,0.32284,0.98192,Advantive VeraCore contains an unrestricted file upload vulnerability that allows a remote unauthenticated attacker to upload files to unintended folders via upload.apsx.,Advantive,VeraCore
CVE-2024-50302,5.5,0.00811,0.54269,The Linux kernel contains a use of uninitialized resource vulnerability that allows an attacker to leak kernel memory via a specially crafted HID report.,Linux,Kernel
CVE-2024-4885,9.8,0.99288,0.99934,Progress WhatsUp Gold contains a path traversal vulnerability that allows an unauthenticated attacker to achieve remote code execution.,Progress,WhatsUp Gold
CVE-2018-8639,7.8,0.22179,0.97493,"Microsoft Windows Win32k contains an improper resource shutdown or release vulnerability that allows for local, authenticated privilege escalation. An attacker who successfully exploited this vulnerability could run arbitrary code in kernel mode.",Microsoft,Windows
CVE-2024-49035,8.7,0.01339,0.69187,Microsoft Partner Center contains an improper access control vulnerability that allows an attacker to escalate privileges.,Microsoft,Partner Center
CVE-2024-20953,8.8,0.03934,0.89599,Oracle Agile Product Lifecycle Management (PLM) contains a deserialization vulnerability that allows a low-privileged attacker with network access via HTTP to compromise the system.,Oracle,Agile Product Lifecycle Management (PLM)
CVE-2017-3066,9.8,0.90597,0.99793,Adobe ColdFusion contains a deserialization vulnerability in the Apache BlazeDS library that allows for arbitrary code execution.,Adobe,ColdFusion
CVE-2024-53704,9.8,0.95132,0.99857,SonicWall SonicOS contains an improper authentication vulnerability in the SSLVPN authentication mechanism that allows a remote attacker to bypass authentication.,SonicWall,SonicOS
CVE-2024-57727,7.5,0.95151,0.99857,SimpleHelp remote support software contains multiple path traversal vulnerabilities that allow unauthenticated remote attackers to download arbitrary files from the SimpleHelp host via crafted HTTP requests. These files may include server configuration files and hashed user passwords.,SimpleHelp ,SimpleHelp
CVE-2024-41710,7.2,0.41646,0.98577,"Mitel 6800 Series, 6900 Series, and 6900w Series SIP Phones, including the 6970 Conference Unit, contain an argument injection vulnerability due to insufficient parameter sanitization during the boot process. Successful exploitation may allow an attacker to execute arbitrary commands within the context of the system.",Mitel,SIP Phones
CVE-2024-40891,8.8,0.21536,0.97435,Multiple Zyxel DSL CPE devices contain a post-authentication command injection vulnerability in the management commands that could allow an authenticated attacker to execute OS commands via Telnet.,Zyxel,DSL CPE Devices
CVE-2024-40890,8.8,0.22251,0.975,Multiple Zyxel DSL CPE devices contain a post-authentication command injection vulnerability in the CGI program that could allow an authenticated attacker to execute OS commands via a crafted HTTP request.,Zyxel,DSL CPE Devices
CVE-2020-15069,9.8,0.10674,0.95463,"Sophos XG Firewall contains a buffer overflow vulnerability that allows for remote code execution via the ""HTTP/S bookmark"" feature.",Sophos,XG Firewall
CVE-2020-29574,9.8,0.04729,0.91174,CyberoamOS (CROS) contains a SQL injection vulnerability in the WebAdmin that allows an unauthenticated attacker to execute arbitrary SQL statements remotely.,Sophos,CyberoamOS
CVE-2024-21413,9.8,0.9466,0.99849,Microsoft Outlook contains an improper input validation vulnerability that allows for remote code execution. Successful exploitation of this vulnerability would allow an attacker to bypass the Office Protected View and open in editing mode rather than protected mode.,Microsoft,Office Outlook
CVE-2024-53104,7.8,0.03301,0.87611,Linux kernel contains an out-of-bounds write vulnerability in the uvc_parse_streaming component of the USB Video Class (UVC) driver that could allow for physical escalation of privilege.,Linux,Kernel
CVE-2018-19410,9.8,0.97939,0.99905,"Paessler PRTG Network Monitor contains a local file inclusion vulnerability that allows a remote, unauthenticated attacker to create users with read-write privileges (including administrator).",Paessler,PRTG Network Monitor
CVE-2018-9276,7.2,0.87173,0.99735,Paessler PRTG Network Monitor contains an OS command injection vulnerability that allows an attacker with administrative privileges to execute commands via the PRTG System Administrator web console.,Paessler,PRTG Network Monitor
CVE-2024-29059,7.5,0.98624,0.9992,"Microsoft .NET Framework contains an information disclosure vulnerability that exposes the ObjRef URI to an attacker, ultimately enabling remote code execution.",Microsoft,.NET Framework
CVE-2024-45195,7.5,0.99983,0.99982,Apache OFBiz contains a forced browsing vulnerability that allows a remote attacker to obtain unauthorized access.,Apache,OFBiz
CVE-2020-11023,6.9,0.8383,0.99668,"JQuery contains a persistent cross-site scripting (XSS) vulnerability. When passing maliciously formed, untrusted input enclosed in HTML tags, JQuery's DOM manipulators can execute untrusted code in the context of the user's browser.",JQuery,JQuery
CVE-2024-50603,10.0,0.98545,0.99918,"Aviatrix Controllers contain an OS command injection vulnerability that could allow an unauthenticated attacker to execute arbitrary code. Shell metacharacters can be sent to /v1/api in cloud_type for list_flightpath_destination_instances, or src_cloud_type for flightpath_connection_test.",Aviatrix,Controllers
CVE-2024-55591,9.8,0.98259,0.99911,"Fortinet FortiOS and FortiProxy contain an authentication bypass vulnerability that may allow an unauthenticated, remote attacker to gain super-admin privileges via crafted requests to Node.js websocket module.",Fortinet,FortiOS and FortiProxy
CVE-2024-12686,6.6,0.13679,0.96201,BeyondTrust Privileged Remote Access (PRA) and Remote Support (RS) contain an OS command injection vulnerability that can be exploited by an attacker with existing administrative privileges to upload a malicious file. Successful exploitation of this vulnerability can allow a remote attacker to execute underlying operating system commands within the context of the site user.,BeyondTrust,Privileged Remote Access (PRA) and Remote Support (RS)
CVE-2020-2883,9.8,0.94928,0.99853,"Oracle WebLogic Server, a product within the Fusion Middleware suite, contains an unspecified vulnerability exploitable by an unauthenticated attacker with network access via IIOP or T3.",Oracle,WebLogic Server
CVE-2024-55550,2.7,0.38104,0.98443,"Mitel MiCollab contains a path traversal vulnerability that could allow an authenticated attacker with administrative privileges to read local files within the system due to insufficient input sanitization. This vulnerability can be chained with CVE-2024-41713, which allows an unauthenticated, remote attacker to read arbitrary files on the server.",Mitel,MiCollab
CVE-2024-41713,9.1,0.9811,0.99908,"Mitel MiCollab contains a path traversal vulnerability that could allow an attacker to gain unauthorized and unauthenticated access. This vulnerability can be chained with CVE-2024-55550, which allows an unauthenticated, remote attacker to read arbitrary files on the server.",Mitel,MiCollab
CVE-2024-3393,7.5,0.28617,0.97992,"Palo Alto Networks PAN-OS contains a vulnerability in parsing and logging malicious DNS packets in the DNS Security feature that, when exploited, allows an unauthenticated attacker to remotely reboot the firewall. Repeated attempts to trigger this condition will cause the firewall to enter maintenance mode.",Palo Alto Networks,PAN-OS
CVE-2024-12356,9.8,0.87991,0.99751,"BeyondTrust Privileged Remote Access (PRA) and Remote Support (RS) contain a command injection vulnerability, which can allow an unauthenticated attacker to inject commands that are run as a site user. ",BeyondTrust,Privileged Remote Access (PRA) and Remote Support (RS) 
CVE-2018-14933,9.8,0.94884,0.99853,NUUO NVRmini devices contain an OS command injection vulnerability. This vulnerability allows remote command execution via shell metacharacters in the uploaddir parameter for a writeuploaddir command.,NUUO,NVRmini Devices
CVE-2024-55956,9.8,0.94037,0.99838,"Cleo Harmony, VLTrader, and LexiCom, which are managed file transfer products, contain an unrestricted file upload vulnerability that could allow an unauthenticated user to import and execute arbitrary bash or PowerShell commands on the host system by leveraging the default settings of the Autorun directory.",Cleo,Multiple Products
CVE-2024-35250,7.8,0.25222,0.97772,Microsoft Windows Kernel-Mode Driver contains an untrusted pointer dereference vulnerability that allows a local attacker to escalate privileges.,Microsoft,Windows
CVE-2024-20767,7.4,0.98514,0.99917,Adobe ColdFusion contains an improper access control vulnerability that could allow an attacker to access or modify restricted files via an internet-exposed admin panel.,Adobe,ColdFusion
CVE-2024-50623,9.8,0.98607,0.9992,"Cleo Harmony, VLTrader, and LexiCom, which are managed file transfer products, contain an unrestricted file upload and download vulnerability that can lead to remote code execution with elevated privileges.",Cleo,Multiple Products
CVE-2024-49138,7.8,0.25414,0.97787,Microsoft Windows Common Log File System (CLFS) driver contains a heap-based buffer overflow vulnerability that allows a local attacker to escalate privileges.,Microsoft,Windows
CVE-2024-51378,10.0,0.94734,0.99851,CyberPanel contains an incorrect default permissions vulnerability that allows for authentication bypass and the execution of arbitrary commands using shell metacharacters in the statusfile property.,CyberPersons,CyberPanel
CVE-2024-11667,7.5,0.02992,0.86327,Multiple Zyxel firewalls contain a path traversal vulnerability in the web management interface that could allow an attacker to download or upload files via a crafted URL.,Zyxel,Multiple Firewalls
CVE-2024-11680,9.8,0.91559,0.99804,"ProjectSend contains an improper authentication vulnerability that allows a remote, unauthenticated attacker to enable unauthorized modification of the application's configuration via crafted HTTP requests to options.php. Successful exploitation allows attackers to create accounts, upload webshells, and embed malicious JavaScript.",ProjectSend,ProjectSend
CVE-2024-21287,7.5,0.01465,0.71713,Oracle Agile Product Lifecycle Management (PLM) contains an incorrect authorization vulnerability in the Process Extension component of the Software Development Kit. Successful exploitation of this vulnerability may result in unauthenticated file disclosure.,Oracle,Agile Product Lifecycle Management (PLM)
CVE-2024-44309,6.3,0.2259,0.97541,"Apple iOS, macOS, and other Apple products contain an unspecified vulnerability when processing maliciously crafted web content that may lead to a cross-site scripting (XSS) attack.",Apple,Multiple Products
CVE-2024-44308,8.8,0.09364,0.95015,"Apple iOS, macOS, and other Apple products contain an unspecified vulnerability when processing maliciously crafted web content that may lead to arbitrary code execution.",Apple,Multiple Products
CVE-2024-38813,7.5,0.17355,0.96883,VMware vCenter contains an improper check for dropped privileges vulnerability. This vulnerability could allow an attacker with network access to the vCenter Server to escalate privileges to root by sending a specially crafted packet.,VMware,vCenter Server
CVE-2024-38812,9.8,0.54571,0.98938,VMware vCenter Server contains a heap-based buffer overflow vulnerability in the implementation of the DCERPC protocol. This vulnerability could allow an attacker with network access to the vCenter Server to execute remote code by sending a specially crafted packet.,VMware,vCenter Server
CVE-2024-9474,7.2,0.94687,0.9985,"Palo Alto Networks PAN-OS contains an OS command injection vulnerability that allows for privilege escalation through the web-based management interface for several PAN products, including firewalls and VPN concentrators.",Palo Alto Networks,PAN-OS
CVE-2024-0012,9.8,0.99717,0.9995,"Palo Alto Networks PAN-OS contains an authentication bypass vulnerability in the web-based management interface for several PAN-OS products, including firewalls and VPN concentrators.",Palo Alto Networks,PAN-OS
CVE-2024-1212,10.0,0.95388,0.99861,"Progress Kemp LoadMaster contains an OS command injection vulnerability that allows an unauthenticated, remote attacker to access the system through the LoadMaster management interface, enabling arbitrary system command execution.",Progress,Kemp LoadMaster
CVE-2024-9465,9.1,0.99626,0.99946,"Palo Alto Networks Expedition contains a SQL injection vulnerability that allows an unauthenticated attacker to reveal Expedition database contents, such as password hashes, usernames, device configurations, and device API keys. With this, attackers can also create and read arbitrary files on the Expedition system.",Palo Alto Networks,Expedition
CVE-2024-9463,7.5,0.98546,0.99919,"Palo Alto Networks Expedition contains an OS command injection vulnerability that allows an unauthenticated attacker to run arbitrary OS commands as root in Expedition, resulting in disclosure of usernames, cleartext passwords, device configurations, and device API keys of PAN-OS firewalls.",Palo Alto Networks,Expedition
CVE-2014-2120,6.1,0.18919,0.97082,Cisco Adaptive Security Appliance (ASA) contains a cross-site scripting (XSS) vulnerability in the WebVPN login page. This vulnerability allows remote attackers to inject arbitrary web script or HTML via an unspecified parameter.,Cisco,Adaptive Security Appliance (ASA)
CVE-2024-43451,6.5,0.84108,0.99673,Microsoft Windows contains an NTLMv2 hash spoofing vulnerability that could result in disclosing a user's NTLMv2 hash to an attacker via a file open operation. The attacker could then leverage this hash to impersonate that user.,Microsoft,Windows
CVE-2024-49039,8.8,0.14179,0.96301,"Microsoft Windows Task Scheduler contains a privilege escalation vulnerability that can allow an attacker-provided, local application to escalate privileges outside of its AppContainer, and access privileged RPC functions.",Microsoft,Windows
CVE-2024-51567,10.0,0.86518,0.99722,"CyberPanel contains an incorrect default permissions vulnerability that allows a remote, unauthenticated attacker to execute commands as root.",CyberPersons,CyberPanel
CVE-2024-43093,7.3,0.00715,0.51059,Android Framework contains an unspecified vulnerability that allows for privilege escalation.,Android,Framework
CVE-2024-5910,9.8,0.91783,0.99807,"Palo Alto Networks Expedition contains a missing authentication vulnerability that allows an attacker with network access to takeover an Expedition admin account and potentially access configuration secrets, credentials, and other data.",Palo Alto Networks,Expedition
CVE-2024-8956,9.1,0.61279,0.99095,"PTZOptics PT30X-SDI/NDI cameras contain an insecure direct object reference (IDOR) vulnerability that allows a remote, attacker to bypass authentication for the /cgi-bin/param.cgi CGI script. If combined with CVE-2024-8957, this can lead to remote code execution as root.",PTZOptics,PT30X-SDI/NDI Cameras
CVE-2024-8957,7.2,0.80964,0.99599,"PTZOptics PT30X-SDI/NDI cameras contain an OS command injection vulnerability that allows a remote, authenticated attacker to escalate privileges to root via a crafted payload with the ntp_addr parameter of the /cgi-bin/param.cgi CGI script. ",PTZOptics,PT30X-SDI/NDI Cameras
CVE-2024-37383,6.1,0.73296,0.99418,RoundCube Webmail contains a cross-site scripting (XSS) vulnerability in the handling of SVG animate attributes that allows a remote attacker to run malicious JavaScript code.,Roundcube,Webmail
CVE-2024-20481,5.8,0.15852,0.96629,"Cisco Adaptive Security Appliance (ASA) and Firepower Threat Defense (FTD) contain a missing release of resource after effective lifetime vulnerability that could allow an unauthenticated, remote attacker to cause a denial-of-service (DoS) of the RAVPN service.",Cisco,Adaptive Security Appliance (ASA) and Firepower Threat Defense (FTD)
CVE-2024-47575,9.8,0.9495,0.99853,"Fortinet FortiManager contains a missing authentication vulnerability in the fgfmd daemon that allows a remote, unauthenticated attacker to execute arbitrary code or commands via specially crafted requests.",Fortinet,FortiManager
CVE-2024-38094,7.2,0.50892,0.98841,Microsoft SharePoint contains a deserialization vulnerability that allows for remote code execution.,Microsoft,SharePoint
CVE-2024-9537,9.8,0.03826,0.89291,ScienceLogic SL1 (formerly EM7) is affected by an unspecified vulnerability involving an unspecified third-party component.,ScienceLogic,SL1
CVE-2024-40711,9.8,0.90369,0.99789,Veeam Backup and Replication contains a deserialization vulnerability allowing an unauthenticated user to perform remote code execution.,Veeam,Backup & Replication
CVE-2024-28987,9.1,0.93208,0.99826,"SolarWinds Web Help Desk contains a hardcoded credential vulnerability that could allow a remote, unauthenticated user to access internal functionality and modify data.",SolarWinds,Web Help Desk
CVE-2024-9680,9.8,0.23184,0.97597,Mozilla Firefox and Firefox ESR contain a use-after-free vulnerability in Animation timelines that allows for code execution in the content process.,Mozilla,Firefox
CVE-2024-30088,7.0,0.68202,0.99272,Microsoft Windows Kernel contains a time-of-check to time-of-use (TOCTOU) race condition vulnerability that could allow for privilege escalation. ,Microsoft,Windows 
CVE-2024-9380,7.2,0.63172,0.9914,Ivanti Cloud Services Appliance (CSA) contains an OS command injection vulnerability in the administrative console which can allow an authenticated attacker with application admin privileges to pass commands to the underlying OS.,Ivanti,Cloud Services Appliance (CSA)
CVE-2024-9379,6.5,0.43782,0.98645,"Ivanti Cloud Services Appliance (CSA) contains a SQL injection vulnerability in the admin web console in versions prior to 5.0.2, which can allow a remote attacker authenticated as administrator to run arbitrary SQL statements.",Ivanti,Cloud Services Appliance (CSA)
CVE-2024-23113,9.8,0.61725,0.99105,"Fortinet FortiOS, FortiPAM, FortiProxy, and FortiWeb contain a format string vulnerability that allows a remote, unauthenticated attacker to execute arbitrary code or commands via specially crafted requests.",Fortinet,Multiple Products
CVE-2024-43573,6.5,0.44098,0.98655,Microsoft Windows MSHTML Platform contains an unspecified spoofing vulnerability which can lead to a loss of confidentiality.,Microsoft,Windows
CVE-2024-43572,7.8,0.66926,0.99236,Microsoft Windows Management Console contains unspecified vulnerability that allows for remote code execution.,Microsoft,Windows
CVE-2024-43047,7.8,0.00674,0.49491,Multiple Qualcomm chipsets contain a use-after-free vulnerability due to memory corruption in DSP Services while maintaining memory maps of HLOS memory. ,Qualcomm,Multiple Chipsets 
CVE-2024-45519,10.0,0.99907,0.99965,Synacor Zimbra Collaboration Suite (ZCS) contains an unspecified vulnerability in the postjournal service that may allow an unauthenticated user to execute commands.,Synacor,Zimbra Collaboration Suite (ZCS)
CVE-2024-29824,8.8,0.99951,0.99973,Ivanti Endpoint Manager (EPM) contains a SQL injection vulnerability in Core server that allows an unauthenticated attacker within the same network to execute arbitrary code. ,Ivanti,Endpoint Manager (EPM)
CVE-2020-15415,9.8,0.8448,0.99682,"DrayTek Vigor3900, Vigor2960, and Vigor300B devices contain an OS command injection vulnerability in cgi-bin/mainfunction.cgi/cvmcfgupload that allows for remote code execution via shell metacharacters in a filename when the text/x-python-script content type is used.",DrayTek,Multiple Vigor Routers
CVE-2024-7593,9.8,0.9999,0.99984,"Ivanti Virtual Traffic Manager contains an authentication bypass vulnerability that allows a remote, unauthenticated attacker to create a chosen administrator account.",Ivanti,Virtual Traffic Manager
CVE-2024-8963,9.4,0.98607,0.99919,"Ivanti Cloud Services Appliance (CSA) contains a path traversal vulnerability that could allow a remote, unauthenticated attacker to access restricted functionality. If CVE-2024-8963 is used in conjunction with CVE-2024-8190, an attacker could bypass admin authentication and execute arbitrary commands on the appliance.",Ivanti,Cloud Services Appliance (CSA)
CVE-2020-14644,9.8,0.94548,0.99846,"Oracle WebLogic Server, a product within the Fusion Middleware suite, contains a deserialization vulnerability. Unauthenticated attackers with network access via T3 or IIOP can exploit this vulnerability to achieve remote code execution.",Oracle,WebLogic Server
CVE-2020-0618,8.8,0.99022,0.99927,Microsoft SQL Server Reporting Services contains a deserialization vulnerability when handling page requests incorrectly. An authenticated attacker can exploit this vulnerability to execute code in the context of the Report Server service account.,Microsoft,SQL Server
CVE-2024-27348,9.8,0.9921,0.99932,Apache HugeGraph-Server contains an improper access control vulnerability that could allow a remote attacker to execute arbitrary code.,Apache,HugeGraph-Server
CVE-2014-0502,8.8,0.24204,0.97682,Adobe Flash Player contains a double free vulnerability that allows a remote attacker to execute arbitrary code.,Adobe,Flash Player
CVE-2013-0648,8.8,0.11094,0.95595,Adobe Flash Player contains an unspecified vulnerability in the ExternalInterface ActionScript functionality that allows a remote attacker to execute arbitrary code via crafted SWF content.,Adobe,Flash Player
CVE-2013-0643,8.8,0.10533,0.95422,Adobe Flash Player contains an incorrect default permissions vulnerability in the Firefox sandbox that allows a remote attacker to execute arbitrary code via crafted SWF content. ,Adobe,Flash Player
CVE-2014-0497,9.8,0.99883,0.99963,Adobe Flash Player contains an integer underflow vulnerability that allows a remote attacker to execute arbitrary code.,Adobe,Flash Player
CVE-2024-6670,9.8,0.93,0.99823,Progress WhatsUp Gold contains a SQL injection vulnerability that allows an unauthenticated attacker to retrieve the user's encrypted password if the application is configured with only a single user.,Progress,WhatsUp Gold
CVE-2024-43461,8.8,0.54486,0.98935,Microsoft Windows MSHTML Platform contains a user interface (UI) misrepresentation of critical information vulnerability that allows an attacker to spoof a web page. This vulnerability was exploited in conjunction with CVE-2024-38112.,Microsoft,Windows
CVE-2024-8190,7.2,0.88535,0.9976,Ivanti Cloud Services Appliance (CSA) contains an OS command injection vulnerability in the administrative console which can allow an authenticated attacker with application admin privileges to pass commands to the underlying OS.,Ivanti,Cloud Services Appliance
CVE-2024-38217,5.4,0.10026,0.95258,"Microsoft Windows Mark of the Web (MOTW) contains a protection mechanism failure vulnerability that allows an attacker to bypass MOTW-based defenses. This can result in a limited loss of integrity and availability of security features such as Protected View in Microsoft Office, which rely on MOTW tagging.",Microsoft,Windows
CVE-2024-38014,7.8,0.06263,0.93038,Microsoft Windows Installer contains an improper privilege management vulnerability that could allow an attacker to gain SYSTEM privileges.,Microsoft,Windows
CVE-2024-38226,7.3,0.02667,0.84618,Microsoft Publisher contains a protection mechanism failure vulnerability that allows attacker to bypass Office macro policies used to block untrusted or malicious files.,Microsoft,Publisher
CVE-2024-40766,9.8,0.18177,0.96983,"SonicWall SonicOS contains an improper access control vulnerability that could lead to unauthorized resource access and, under certain conditions, may cause the firewall to crash.",SonicWall,SonicOS
CVE-2017-1000253,7.8,0.10695,0.95472,Linux kernel contains a position-independent executable (PIE) stack buffer corruption vulnerability in load_elf_ binary() that allows a local attacker to escalate privileges. ,Linux,Kernel
CVE-2016-3714,8.4,0.97485,0.99896,"ImageMagick contains an improper input validation vulnerability that affects the EPHEMERAL, HTTPS, MVG, MSL, TEXT, SHOW, WIN, and PLT coders. This allows a remote attacker to execute arbitrary code via shell metacharacters in a crafted image.",ImageMagick,ImageMagick
CVE-2024-7262,7.8,0.02937,0.86077,Kingsoft WPS Office contains a path traversal vulnerability in promecefpluginhost.exe on Windows that allows an attacker to load an arbitrary Windows library.,Kingsoft,WPS Office
CVE-2024-7965,8.8,0.18528,0.97031,"Google Chromium V8 contains an inappropriate implementation vulnerability that allows a remote attacker to potentially exploit heap corruption via a crafted HTML page. This vulnerability could affect multiple web browsers that utilize Chromium, including, but not limited to, Google Chrome, Microsoft Edge, and Opera.",Google,Chromium V8
CVE-2024-38856,9.8,0.99427,0.99938,Apache OFBiz contains an incorrect authorization vulnerability that could allow remote code execution via a Groovy payload in the context of the OFBiz user process by an unauthenticated attacker.,Apache,OFBiz
CVE-2024-7971,9.6,0.20713,0.97347,"Google Chromium V8 contains a type confusion vulnerability that allows a remote attacker to exploit heap corruption via a crafted HTML page. This vulnerability could affect multiple web browsers that utilize Chromium, including, but not limited to, Google Chrome, Microsoft Edge, and Opera.",Google,Chromium V8
CVE-2024-39717,7.2,0.04006,0.89781,"The Versa Director GUI contains an unrestricted upload of file with dangerous type vulnerability that allows administrators with Provider-Data-Center-Admin or Provider-Data-Center-System-Admin privileges to customize the user interface. The “Change Favicon” (Favorite Icon) enables the upload of a .png file, which can be exploited to upload a malicious file with a .png extension disguised as an image.",Versa,Director
CVE-2024-23897,9.8,0.99999,0.99995,"Jenkins Command Line Interface (CLI) contains a path traversal vulnerability that allows attackers limited read access to certain files, which can lead to code execution.",Jenkins,Jenkins Command Line Interface (CLI)
CVE-2024-28986,9.8,0.84628,0.99687,SolarWinds Web Help Desk contains a deserialization of untrusted data vulnerability that could allow for remote code execution.,SolarWinds,Web Help Desk
CVE-2024-38107,7.8,0.01635,0.74506,"Microsoft Windows Power Dependency Coordinator contains an unspecified vulnerability that allows for privilege escalation, enabling a local attacker to obtain SYSTEM privileges.",Microsoft,Windows
CVE-2024-38106,7.0,0.06337,0.93107,"Microsoft Windows Kernel contains an unspecified vulnerability that allows for privilege escalation, enabling a local attacker to gain SYSTEM privileges. Successful exploitation of this vulnerability requires an attacker to win a race condition.",Microsoft,Windows
CVE-2024-38193,7.8,0.28529,0.97985,"Microsoft Windows Ancillary Function Driver for WinSock contains an unspecified vulnerability that allows for privilege escalation, enabling a local attacker to gain SYSTEM privileges.",Microsoft,Windows
CVE-2024-38213,6.5,0.13626,0.96188,Microsoft Windows SmartScreen contains a security feature bypass vulnerability that allows an attacker to bypass the SmartScreen user experience via a malicious file.,Microsoft,Windows
CVE-2024-38178,7.5,0.4138,0.98566,Microsoft Windows Scripting Engine contains a memory corruption vulnerability that allows unauthenticated attacker to initiate remote code execution via a specially crafted URL.,Microsoft,Windows
CVE-2024-38189,8.8,0.08194,0.94448,Microsoft Project contains an unspecified vulnerability that allows for remote code execution via a malicious file.,Microsoft,Project
CVE-2024-32113,9.8,0.99442,0.99939,Apache OFBiz contains a path traversal vulnerability that could allow for remote code execution.,Apache,OFBiz
CVE-2024-36971,7.8,0.02701,0.84823,"Android contains an unspecified vulnerability in the kernel that allows for remote code execution. This vulnerability resides in Linux Kernel and could impact other products, including but not limited to Android OS.",Android,Kernel
CVE-2018-0824,8.8,0.73185,0.99414,Microsoft COM for Windows contains a deserialization of untrusted data vulnerability that allows for privilege escalation and remote code execution via a specially crafted file or script.,Microsoft,Windows
CVE-2024-37085,6.8,0.2677,0.97875,VMware ESXi contains an authentication bypass vulnerability. A malicious actor with sufficient Active Directory (AD) permissions can gain full access to an ESXi host that was previously configured to use AD for user management by re-creating the configured AD group ('ESXi Admins' by default) after it was deleted from AD.,VMware,ESXi
CVE-2024-5217,9.8,0.99628,0.99947,"ServiceNow Washington DC, Vancouver, and earlier Now Platform releases contain an incomplete list of disallowed inputs vulnerability in the GlideExpression script. An unauthenticated user could exploit this vulnerability to execute code remotely.",ServiceNow,"Utah, Vancouver, and Washington DC Now Platform"
CVE-2024-4879,9.8,0.99976,0.99978,"ServiceNow Utah, Vancouver, and Washington DC Now Platform releases contain a jelly template injection vulnerability in UI macros. An unauthenticated user could exploit this vulnerability to execute code remotely. ",ServiceNow,"Utah, Vancouver, and Washington DC Now Platform"
CVE-2024-39891,5.3,0.01669,0.75023,Twilio Authy contains an information disclosure vulnerability in its API that allows an unauthenticated endpoint to accept a request containing a phone number and respond with information about whether the phone number was registered with Authy.,Twilio,Authy
CVE-2012-4792,8.8,0.78823,0.9956,"Microsoft Internet Explorer contains a use-after-free vulnerability that allows a remote attacker to execute arbitrary code via a crafted web site that triggers access to an object that (1) was not properly allocated or (2) is deleted, as demonstrated by a CDwnBindInfo object.",Microsoft,Internet Explorer
CVE-2024-28995,8.6,0.99614,0.99946,SolarWinds Serv-U contains a path traversal vulnerability that allows an attacker access to read sensitive files on the host machine.,SolarWinds,Serv-U
CVE-2024-34102,9.8,0.99994,0.99987,Adobe Commerce and Magento Open Source contain an improper restriction of XML external entity reference (XXE) vulnerability that allows for remote code execution.,Adobe,Commerce and Magento Open Source
CVE-2024-36401,9.8,0.99813,0.99957,OSGeo GeoServer GeoTools contains an improper neutralization of directives in dynamically evaluated code vulnerability due to unsafely evaluating property names as XPath expressions. This allows unauthenticated attackers to conduct remote code execution via specially crafted input.,OSGeo,GeoServer
CVE-2024-23692,9.8,0.99471,0.9994,"Rejetto HTTP File Server contains an improper neutralization of special elements used in a template engine vulnerability. This allows a remote, unauthenticated attacker to execute commands on the affected system by sending a specially crafted HTTP request.",Rejetto,HTTP File Server
CVE-2024-38080,7.8,0.07115,0.93762,Microsoft Windows Hyper-V contains a privilege escalation vulnerability that allows a local attacker with user permissions to gain SYSTEM privileges.,Microsoft,Windows 
CVE-2024-38112,7.5,0.84225,0.99678,"Microsoft Windows MSHTML Platform contains a spoofing vulnerability that has a high impact to confidentiality, integrity, and availability.",Microsoft,Windows
CVE-2024-20399,6.0,0.04306,0.90417,"Cisco NX-OS contains a command injection vulnerability in the command line interface (CLI) that could allow an authenticated, local attacker to execute commands as root on the underlying operating system of an affected device.",Cisco,NX-OS
CVE-2020-13965,6.1,0.76596,0.99502,Roundcube Webmail contains a cross-site scripting (XSS) vulnerability that allows a remote attacker to manipulate data via a malicious XML attachment.,Roundcube,Webmail
CVE-2024-4358,9.8,0.97482,0.99895,Progress Telerik Report Server contains an authorization bypass by spoofing vulnerability that allows an attacker to obtain unauthorized access.,Progress,Telerik Report Server
CVE-2024-26169,7.8,0.04014,0.89798,Microsoft Windows Error Reporting Service contains an improper privilege management vulnerability that allows a local attacker with user permissions to gain SYSTEM privileges.,Microsoft,Windows
CVE-2024-32896,7.8,0.02985,0.86298,Android Pixel contains an unspecified vulnerability in the firmware that allows for privilege escalation.,Android,Pixel
CVE-2024-4577,9.8,0.99987,0.99983,"PHP, specifically Windows-based PHP used in CGI mode, contains an OS command injection vulnerability that allows for arbitrary code execution. This vulnerability is a patch bypass for CVE-2012-1823.",PHP Group,PHP
CVE-2024-4610,7.8,0.00758,0.52534,"Arm Bifrost and Valhall GPU kernel drivers contain a use-after-free vulnerability that allows a local, non-privileged user to make improper GPU memory processing operations to gain access to already freed memory.",Arm,Mali GPU Kernel Driver
CVE-2017-3506,7.4,0.96281,0.99874,"Oracle WebLogic Server, a product within the Fusion Middleware suite, contains an OS command injection vulnerability that allows an attacker to execute arbitrary code via a specially crafted HTTP request that includes a malicious XML document.",Oracle,WebLogic Server
CVE-2024-1086,7.8,0.28058,0.97958,Linux kernel contains a use-after-free vulnerability in the netfilter: nf_tables component that allows an attacker to achieve local privilege escalation.,Linux,Kernel
CVE-2024-24919,8.6,0.99978,0.99979,"Check Point Quantum Security Gateways contain an unspecified information disclosure vulnerability. The vulnerability potentially allows an attacker to access information on Gateways connected to the internet, with IPSec VPN, Remote Access VPN or Mobile Access enabled. This issue affects several product lines from Check Point, including CloudGuard Network, Quantum Scalable Chassis, Quantum Security Gateways, and Quantum Spark Appliances.",Check Point,Quantum Security Gateways
CVE-2024-4978,8.4,0.26937,0.97886,"Justice AV Solutions (JAVS) Viewer installer contains a malicious version of ffmpeg.exe, named fffmpeg.exe (SHA256: 421a4ad2615941b177b6ec4ab5e239c14e62af2ab07c6df1741e2a62223223c4). When run, this creates a backdoor connection to a malicious C2 server.",Justice AV Solutions,Viewer 
CVE-2024-5274,9.6,0.07472,0.94005,"Google Chromium V8 contains a type confusion vulnerability that allows a remote attacker to execute code via a crafted HTML page. This vulnerability could affect multiple web browsers that utilize Chromium, including, but not limited to, Google Chrome, Microsoft Edge, and Opera.",Google,Chromium V8
CVE-2020-17519,7.5,0.97856,0.99902,Apache Flink contains an improper access control vulnerability that allows an attacker to read any file on the local filesystem of the JobManager through its REST interface.,Apache,Flink
CVE-2024-4947,9.6,0.15236,0.96501,Google Chromium V8 contains a type confusion vulnerability that allows a remote attacker to execute code via a crafted HTML page.,Google,Chromium V8
CVE-2024-4761,8.8,0.11007,0.95566,"Google Chromium V8 Engine contains an unspecified out-of-bounds memory write vulnerability via a crafted HTML page. This vulnerability could affect multiple web browsers that utilize Chromium, including, but not limited to, Google Chrome, Microsoft Edge, and Opera. ",Google,Chromium V8
CVE-2014-100005,8.0,0.42414,0.98599,D-Link DIR-600 routers contain a cross-site request forgery (CSRF) vulnerability that allows an attacker to change router configurations by hijacking an existing administrator session.,D-Link,DIR-600 Router
CVE-2024-30040,8.8,0.03939,0.89611,Microsoft Windows MSHTML Platform contains an unspecified vulnerability that allows for a security feature bypass.,Microsoft,Windows
CVE-2024-30051,7.8,0.05641,0.92383,Microsoft DWM Core Library contains a privilege escalation vulnerability that allows an attacker to gain SYSTEM privileges.,Microsoft,DWM Core Library
CVE-2024-4671,9.6,0.08348,0.94531,"Google Chromium Visuals contains a use-after-free vulnerability that allows a remote attacker to exploit heap corruption via a crafted HTML page. This vulnerability could affect multiple web browsers that utilize Chromium, including, but not limited to, Google Chrome, Microsoft Edge, and Opera.",Google,Chromium
CVE-2024-29988,8.8,0.45151,0.98687,Microsoft SmartScreen Prompt contains a security feature bypass vulnerability that allows an attacker to bypass the Mark of the Web (MotW) feature. This vulnerability can be chained with CVE-2023-38831 and CVE-2024-21412 to execute a malicious file.,Microsoft,SmartScreen Prompt
CVE-2024-4040,9.8,0.99539,0.99943,CrushFTP contains an unspecified sandbox escape vulnerability that allows a remote attacker to escape the CrushFTP virtual file system (VFS).,CrushFTP,CrushFTP
CVE-2024-20359,6.0,0.19434,0.9716,Cisco Adaptive Security Appliance (ASA) and Firepower Threat Defense (FTD) contain a privilege escalation vulnerability that can allow local privilege escalation from Administrator to root.,Cisco,Adaptive Security Appliance (ASA) and Firepower Threat Defense (FTD)
CVE-2024-20353,8.6,0.70686,0.99344,Cisco Adaptive Security Appliance (ASA) and Firepower Threat Defense (FTD) contain an infinite loop vulnerability that can lead to remote denial of service condition.,Cisco,Adaptive Security Appliance (ASA) and Firepower Threat Defense (FTD)
CVE-2024-3400,10.0,0.99999,1.0,Palo Alto Networks PAN-OS GlobalProtect feature contains a command injection vulnerability that allows an unauthenticated attacker to execute commands with root privileges on the firewall.,Palo Alto Networks,PAN-OS
CVE-2024-3273,7.3,0.99997,0.99989,"D-Link DNS-320L, DNS-325, DNS-327L, and DNS-340L contain a command injection vulnerability. When combined with CVE-2024-3272, this can lead to remote, unauthorized code execution.",D-Link,Multiple NAS Devices
CVE-2024-3272,9.8,0.98038,0.99907,"D-Link DNS-320L, DNS-325, DNS-327L, and DNS-340L contains a hard-coded credential that allows an attacker to conduct authenticated command injection, leading to remote, unauthorized code execution.",D-Link,Multiple NAS Devices
CVE-2024-29748,7.8,0.0068,0.49733,Android Pixel contains a privilege escalation vulnerability that allows an attacker to interrupt a factory reset triggered by a device admin app.,Android,Pixel
CVE-2024-29745,5.5,0.00482,0.39514,"Android Pixel contains an information disclosure vulnerability in the fastboot firmware used to support unlocking, flashing, and locking affected devices.",Android,Pixel
CVE-2024-27198,9.8,0.99938,0.9997,JetBrains TeamCity contains an authentication bypass vulnerability that allows an attacker to perform admin actions.,JetBrains,TeamCity
CVE-2024-23225,7.8,0.01481,0.72011,"Apple iOS, iPadOS, macOS, tvOS, watchOS, and visionOS kernel contain a memory corruption vulnerability that allows an attacker with arbitrary kernel read and write capability to bypass kernel memory protections.",Apple,Multiple Products
CVE-2024-23296,7.8,0.01411,0.70693,"Apple iOS, iPadOS, macOS, tvOS, and watchOS RTKit contain a memory corruption vulnerability that allows an attacker with arbitrary kernel read and write capability to bypass kernel memory protections.",Apple,Multiple Products
CVE-2024-21338,7.8,0.5981,0.9906,Microsoft Windows Kernel contains an exposed IOCTL with insufficient access control vulnerability within the IOCTL (input and output control) dispatcher in appid.sys that allows a local attacker to achieve privilege escalation.,Microsoft,Windows
CVE-2024-1709,10.0,0.9998,0.9998,"ConnectWise ScreenConnect contains an authentication bypass vulnerability that allows an attacker with network access to the management interface to create a new, administrator-level account on affected devices.",ConnectWise,ScreenConnect
CVE-2020-3259,7.5,0.71789,0.99374,"Cisco Adaptive Security Appliance (ASA) and Firepower Threat Defense (FTD) contain an information disclosure vulnerability. An attacker could retrieve memory contents on an affected device, which could lead to the disclosure of confidential information due to a buffer tracking issue when the software parses invalid URLs that are requested from the web services interface. This vulnerability affects only specific AnyConnect and WebVPN configurations.",Cisco,Adaptive Security Appliance (ASA) and Firepower Threat Defense (FTD)
CVE-2024-21410,9.8,0.12661,0.95952,Microsoft Exchange Server contains an unspecified vulnerability that allows for privilege escalation.,Microsoft,Exchange Server
CVE-2024-21412,8.1,0.95443,0.99862,Microsoft Windows Internet Shortcut Files contains an unspecified vulnerability that allows for a security feature bypass.,Microsoft,Windows
CVE-2024-21351,7.6,0.30344,0.9809,"Microsoft Windows SmartScreen contains a security feature bypass vulnerability that allows an attacker to bypass the SmartScreen user experience and inject code to potentially gain code execution, which could lead to some data exposure, lack of system availability, or both.",Microsoft,Windows
CVE-2024-21762,9.8,0.84285,0.99678,Fortinet FortiOS contains an out-of-bound write vulnerability that allows a remote unauthenticated attacker to execute code or commands via specially crafted HTTP requests.,Fortinet,FortiOS
CVE-2024-21893,8.2,0.99999,0.99999,"Ivanti Connect Secure (ICS, formerly known as Pulse Connect Secure), Ivanti Policy Secure, and Ivanti Neurons contain a server-side request forgery (SSRF) vulnerability in the SAML component that allows an attacker to access certain restricted resources without authentication.",Ivanti,"Connect Secure, Policy Secure, and Neurons"
CVE-2024-23222,8.8,0.10593,0.95439,"Apple iOS, iPadOS, macOS, tvOS, and Safari WebKit contain a type confusion vulnerability that leads to code execution when processing maliciously crafted web content. This vulnerability could impact HTML parsers that use WebKit, including but not limited to Apple Safari and non-Apple products which rely on WebKit for HTML processing.",Apple,Multiple Products
CVE-2024-0519,8.8,0.03802,0.89215,"Google Chromium V8 Engine contains an out-of-bounds memory access vulnerability that allows a remote attacker to potentially exploit heap corruption via a crafted HTML page. This vulnerability could affect multiple web browsers that utilize Chromium, including, but not limited to, Google Chrome, Microsoft Edge, and Opera.",Google,Chromium V8
CVE-2018-15133,8.1,0.76814,0.99508,"Laravel Framework contains a deserialization of untrusted data vulnerability, allowing for remote command execution. This vulnerability may only be exploited if a malicious user has accessed the application encryption key (APP_KEY environment variable).",Laravel,Laravel Framework
CVE-2024-21887,9.1,0.99999,0.99999,"Ivanti Connect Secure (ICS, formerly known as Pulse Connect Secure) and Ivanti Policy Secure contain a command injection vulnerability in the web components of these products, which can allow an authenticated administrator to send crafted requests to execute code on affected appliances. This vulnerability can be leveraged in conjunction with CVE-2023-46805, an authenticated bypass issue.",Ivanti,Connect Secure and Policy Secure
CVE-2016-20017,9.8,0.65234,0.99192,"D-Link DSL-2750B devices contain a command injection vulnerability that allows remote, unauthenticated command injection via the login.cgi cli parameter.",D-Link,DSL-2750B Devices
CVE-2020-2551,9.8,0.93168,0.99826,Oracle Fusion Middleware contains an unspecified vulnerability in the WLS Core Components that allows an unauthenticated attacker with network access via IIOP to compromise the WebLogic Server.,Oracle,Fusion Middleware
CVE-2018-14667,9.8,0.74171,0.99445,"Red Hat JBoss RichFaces Framework contains an expression language injection vulnerability via the UserResource resource. A remote, unauthenticated attacker could exploit this vulnerability to execute malicious code using a chain of Java serialized objects via org.ajax4jsf.resource.UserResource$UriData.",Red Hat,JBoss RichFaces Framework
CVE-2014-8361,9.8,0.99975,0.99977,Realtek SDK contains an improper input validation vulnerability in the miniigd SOAP service that allows remote attackers to execute malicious code via a crafted NewInternalClient request.,Realtek,SDK
CVE-2017-6884,8.8,0.36769,0.98386,"Zyxel EMG2926 routers contain a command injection vulnerability located in the diagnostic tools, specifically the nslookup function. A malicious user may exploit numerous vectors to execute malicious commands on the router, such as the ping_ip parameter to the expert/maintenance/diagnostic/nslookup URI.",Zyxel,EMG2926 Routers
CVE-2017-18368,9.8,0.94425,0.99844,"Zyxel P660HN-T1A routers contain a command injection vulnerability in the Remote System Log forwarding function, which is accessible by an unauthenticated user and exploited via the remote_host parameter of the ViewLog.asp page.",Zyxel,P660HN-T1A Routers
CVE-2020-35730,6.1,0.32688,0.98213,Roundcube Webmail contains a cross-site scripting (XSS) vulnerability that allows an attacker to send a plain text e-mail message with Javascript in a link reference element that is mishandled by linkref_addinindex in rcube_string_replacer.php.,Roundcube,Roundcube Webmail
CVE-2020-12641,9.8,0.84456,0.99682,Roundcube Webmail contains an remote code execution vulnerability that allows attackers to execute code via shell metacharacters in a configuration setting for im_convert_path or im_identify_path.,Roundcube,Roundcube Webmail
CVE-2016-9079,7.5,0.87423,0.99742,"Mozilla Firefox, Firefox ESR, and Thunderbird contain a use-after-free vulnerability in SVG Animation, targeting Firefox and Tor browser users on Windows.",Mozilla,"Firefox, Firefox ESR, and Thunderbird"
CVE-2016-0165,7.8,0.13841,0.96236,Microsoft Win32k contains an unspecified vulnerability that allows for privilege escalation.,Microsoft,Win32k
CVE-2004-1464,5.9,0.0471,0.91146,"Cisco IOS contains an unspecified vulnerability that may block further telnet, reverse telnet, Remote Shell (RSH), Secure Shell (SSH), and in some cases, Hypertext Transport Protocol (HTTP) access to the Cisco device.",Cisco,IOS
CVE-2016-6415,7.5,0.87313,0.99739,"Cisco IOS, IOS XR, and IOS XE contain insufficient condition checks in the part of the code that handles Internet Key Exchange version 1 (IKEv1) security negotiation requests. contains an information disclosure vulnerability in the Internet Key Exchange version 1 (IKEv1) that could allow an attacker to retrieve memory contents. Successful exploitation could allow the attacker to retrieve memory contents, which can lead to information disclosure.",Cisco,"IOS, IOS XR, and IOS XE"
CVE-2014-0196,5.5,0.22475,0.97527,Linux Kernel contains a race condition vulnerability within the n_tty_write function that allows local users to cause a denial-of-service (DoS) or gain privileges via read and write operations with long strings.,Linux,Kernel
CVE-2010-3904,7.8,0.14668,0.964,Linux Kernel contains an improper input validation vulnerability in the Reliable Datagram Sockets (RDS) protocol implementation that allows local users to gain privileges via crafted use of the sendmsg and recvmsg system calls.,Linux,Kernel
CVE-2016-3427,9.8,0.92334,0.99814,"Oracle Java SE and JRockit contains an unspecified vulnerability that allows remote attackers to affect confidentiality, integrity, and availability via vectors related to Java Management Extensions (JMX). This vulnerability can be exploited through sandboxed Java Web Start applications and sandboxed Java applets. It can also be exploited by supplying data to APIs in the specified component without using sandboxed Java Web Start applications or sandboxed Java applets, such as through a web service.",Oracle,Java SE and JRockit
CVE-2016-8735,9.8,0.90338,0.99788,Apache Tomcat contains an unspecified vulnerability that allows for remote code execution if JmxRemoteLifecycleListener is used and an attacker can reach Java Management Extension (JMX) ports. This CVE exists because this listener wasn't updated for consistency with the Oracle patched issues for CVE-2016-3427 which affected credential types.,Apache,Tomcat
CVE-2017-6742,8.8,0.21424,0.97424,"The Simple Network Management Protocol (SNMP) subsystem of Cisco IOS and IOS XE contains a vulnerability that could allow an authenticated, remote attacker to remotely execute code on an affected system or cause an affected system to reload.",Cisco,IOS and IOS XE Software
CVE-2013-3163,8.8,0.70676,0.99344,Microsoft Internet Explorer contains a memory corruption vulnerability that allows remote attackers to execute code or cause a denial of service via a crafted website.,Microsoft,Internet Explorer
CVE-2017-7494,9.8,0.99448,0.99939,"Samba contains a remote code execution vulnerability, allowing a malicious client to upload a shared library to a writable share and then cause the server to load and execute it.",Samba,Samba
CVE-2020-5741,7.2,0.72936,0.99409,Plex Media Server contains a remote code execution vulnerability that allows an attacker with access to the server administrator's Plex account to upload a malicious file via the Camera Upload feature and have the media server execute it.,Plex,Media Server
CVE-2017-11357,9.8,0.77679,0.99528,Telerik UI for ASP.NET AJAX contains an insecure direct object reference vulnerability in RadAsyncUpload that can result in file uploads in a limited location and/or remote code execution.,Telerik,User Interface (UI) for ASP.NET AJAX
CVE-2018-5430,8.8,0.4963,0.98805,"TIBCO JasperReports Server contain a vulnerability which may allow any authenticated user read-only access to the contents of the web application, including key configuration files.",TIBCO,JasperReports
CVE-2018-18809,6.5,0.79064,0.99566,TIBCO JasperReports Library contains a directory-traversal vulnerability that may allow web server users to access contents of the host system.,TIBCO,JasperReports
CVE-2020-3433,7.8,0.10049,0.95265,Cisco AnyConnect Secure Mobility Client for Windows interprocess communication (IPC) channel allows for insufficient validation of resources that are loaded by the application at run time. An attacker with valid credentials on Windows could execute code on the affected machine with SYSTEM privileges.,Cisco,AnyConnect Secure
CVE-2020-3153,6.5,0.28307,0.97973,"Cisco AnyConnect Secure Mobility Client for Windows allows for incorrect handling of directory paths. An attacker with valid credentials on Windows would be able to copy malicious files to arbitrary locations with system level privileges. This could include DLL pre-loading, DLL hijacking, and other related attacks.",Cisco,AnyConnect Secure
CVE-2018-19323,9.8,0.07828,0.94227,"The GPCIDrv and GDrv low-level drivers in GIGABYTE App Center, AORUS Graphics Engine, XTREME Gaming Engine, and OC GURU expose functionality to read and write arbitrary physical memory. This could be leveraged by a local attacker to elevate privileges.",GIGABYTE,Multiple Products
CVE-2018-19322,7.8,0.01801,0.76865,"The GPCIDrv and GDrv low-level drivers in GIGABYTE App Center, AORUS Graphics Engine, XTREME Gaming Engine, and OC GURU II expose functionality to read/write data from/to IO ports. This could be leveraged in a number of ways to ultimately run code with elevated privileges.",GIGABYTE,Multiple Products
CVE-2018-19321,7.8,0.03671,0.88821,"The GPCIDrv and GDrv low-level drivers in GIGABYTE App Center, AORUS Graphics Engine, XTREME Gaming Engine, and OC GURU II expose functionality to read and write arbitrary physical memory. This could be leveraged by a local attacker to elevate privileges.",GIGABYTE,Multiple Products
CVE-2018-19320,7.8,0.03597,0.88583,"The GDrv low-level driver in GIGABYTE App Center, AORUS Graphics Engine, XTREME Gaming Engine, and OC GURU II exposes ring0 memcpy-like functionality that could allow a local attacker to take complete control of the affected system.",GIGABYTE,Multiple Products
CVE-2013-6282,8.8,0.39711,0.98512,The get_user and put_user API functions of the Linux kernel fail to validate the target address when being used on ARM v6k/v7 platforms. This allows an application to read and write kernel memory which could lead to privilege escalation.,Linux,Kernel
CVE-2013-2597,8.4,0.01516,0.72633,The Code Aurora audio calibration database (acdb) audio driver contains a stack-based buffer overflow vulnerability that allows for privilege escalation. Code Aurora is used in third-party products such as Qualcomm and Android.,Code Aurora,ACDB Audio Driver
CVE-2013-2596,7.8,0.03337,0.87739,Linux kernel fb_mmap function in drivers/video/fbmem.c contains an integer overflow vulnerability that allows for privilege escalation.,Linux,Kernel
CVE-2013-2094,8.4,0.47709,0.98758,"Linux kernel fails to check all 64 bits of attr.config passed by user space, resulting to out-of-bounds access of the perf_swevent_enabled array in sw_perf_event_destroy(). Explotation allows for privilege escalation.",Linux,Kernel
CVE-2010-2568,7.8,0.91324,0.99801,Microsoft Windows incorrectly parses shortcuts in such a way that malicious code may be executed when the operating system displays the icon of a malicious shortcut file. An attacker who successfully exploited this vulnerability could execute code as the logged-on user.,Microsoft,Windows
CVE-2020-9934,5.5,0.03208,0.87226,"Apple iOS, iPadOS, and macOS contain an unspecified vulnerability involving input validation which can allow a local attacker to view sensitive user information.",Apple,"iOS, iPadOS, and macOS"
CVE-2018-7445,9.8,0.61018,0.99087,"In MikroTik RouterOS, a stack-based buffer overflow occurs when processing NetBIOS session request messages. Remote attackers with access to the service can exploit this vulnerability and gain code execution on the system.",MikroTik,RouterOS
CVE-2018-6530,9.8,0.96682,0.9988,Multiple D-Link routers contain an unspecified vulnerability that allows for execution of OS commands.,D-Link,Multiple Routers
CVE-2018-2628,9.8,0.99448,0.9994,Oracle WebLogic Server contains an unspecified vulnerability which can allow an unauthenticated attacker with T3 network access to compromise the server.,Oracle,WebLogic Server
CVE-2018-13374,4.3,0.37832,0.98433,Fortinet FortiOS and FortiADC contain an improper access control vulnerability that allows attackers to obtain the LDAP server login credentials configured in FortiGate by pointing a LDAP server connectivity test request to a rogue LDAP server.,Fortinet,FortiOS and FortiADC
CVE-2017-5521,8.1,0.89353,0.9977,Multiple NETGEAR devices are prone to admin password disclosure via simple crafted requests to the web management server.,NETGEAR,Multiple Devices
CVE-2011-4723,5.7,0.02981,0.86279,"The D-Link DIR-300 router stores cleartext passwords, which allows context-dependent attackers to obtain sensitive information.",D-Link,DIR-300 Router
CVE-2011-1823,7.8,0.41634,0.98576,"The vold volume manager daemon in Android kernel trusts messages from a PF_NETLINK socket, which allows an attacker to execute code and gain root privileges. This vulnerability is associated with GingerBreak and Exploit.AndroidOS.Lotoor.",Android,Android OS
CVE-2020-36193,7.5,0.70595,0.99341,PEAR Archive_Tar Tar.php allows write operations with directory traversal due to inadequate checking of symbolic links. PEAR stands for PHP Extension and Application Repository and it is an open-source framework and distribution system for reusable PHP components with known usage in third-party products such as Drupal Core and Red Hat Linux.,PEAR,Archive_Tar
CVE-2020-28949,7.8,0.84554,0.99684,PEAR Archive_Tar allows an unserialization attack because phar: is blocked but PHAR: is not blocked. PEAR stands for PHP Extension and Application Repository and it is an open-source framework and distribution system for reusable PHP components with known usage in third-party products such as Drupal Core and Red Hat Linux.,PEAR,Archive_Tar
CVE-2017-15944,9.8,0.98303,0.99912,"Palo Alto Networks PAN-OS contains multiple, unspecified vulnerabilities which can allow for remote code execution when chained.",Palo Alto Networks,PAN-OS
CVE-2020-3837,7.8,0.16111,0.96677,"Apple iOS, iPadOS, macOS, tvOS, and watchOS contain a memory corruption vulnerability that could allow an application to execute code with kernel privileges.",Apple,Multiple Products
CVE-2020-9907,7.8,0.03875,0.89423,"Apple iOS, iPadOS, and tvOS contain a memory corruption vulnerability that could allow an application to execute code with kernel privileges.",Apple,Multiple Products
CVE-2018-4344,7.8,0.02908,0.85956,"Apple iOS, macOS, tvOS, and watchOS contain a memory corruption vulnerability which can allow for code execution.",Apple,Multiple Products
CVE-2016-2386,9.8,0.7106,0.99355,SQL injection vulnerability in the UDDI server in SAP NetWeaver J2EE Engine 7.40 allows remote attackers to execute arbitrary SQL commands via unspecified vectors.,SAP,NetWeaver
CVE-2016-2388,5.3,0.51553,0.98858,The Universal Worklist Configuration in SAP NetWeaver AS JAVA 7.4 allows remote attackers to obtain sensitive user information via a crafted HTTP request.,SAP,NetWeaver
CVE-2018-6065,8.8,0.60304,0.99069,"Google Chromium V8 Engine contains an integer overflow vulnerability that allows a remote attacker to potentially exploit heap corruption via a crafted HTML page. This vulnerability could affect multiple web browsers that utilize Chromium, including, but not limited to, Google Chrome, Microsoft Edge, and Opera.",Google,Chromium V8
CVE-2018-4990,8.8,0.36614,0.98379,Adobe Acrobat and Reader have a double free vulnerability that could lead to remote code execution.,Adobe,Acrobat and Reader
CVE-2018-17480,8.8,0.3564,0.98337,"Google Chromium V8 Engine contains out-of-bounds write vulnerability that allows a remote attacker to execute code inside a sandbox via a crafted HTML page. This vulnerability could affect multiple web browsers that utilize Chromium, including, but not limited to, Google Chrome, Microsoft Edge, and Opera.",Google,Chromium V8
CVE-2018-17463,8.8,0.84564,0.99685,"Google Chromium V8 Engine contains an unspecified vulnerability that allows a remote attacker to execute code inside a sandbox via a crafted HTML page. This vulnerability could affect multiple web browsers that utilize Chromium, including, but not limited to, Google Chrome, Microsoft Edge, and Opera.",Google,Chromium V8
CVE-2017-6862,9.8,0.42696,0.98611,Multiple NETGEAR devices contain a buffer overflow vulnerability that allows for authentication bypass and remote code execution.,NETGEAR,Multiple Devices
CVE-2017-5070,8.8,0.31212,0.98135,"Google Chromium V8 Engine contains a type confusion vulnerability that allows a remote attacker to execute code inside a sandbox via a crafted HTML page. This vulnerability could affect multiple web browsers that utilize Chromium, including, but not limited to, Google Chrome, Microsoft Edge, and Opera.",Google,Chromium V8
CVE-2017-5030,8.8,0.41603,0.98575,"Google Chromium V8 Engine contains a memory corruption vulnerability that allows a remote attacker to execute code via a crafted HTML page. This vulnerability could affect multiple web browsers that utilize Chromium, including, but not limited to, Google Chrome, Microsoft Edge, and Opera.",Google,Chromium V8
CVE-2016-5198,8.8,0.34814,0.98306,"Google Chromium V8 Engine contains an out-of-bounds memory access vulnerability that allows a remote attacker to perform read/write operations, leading to code execution, via a crafted HTML page. This vulnerability could affect multiple web browsers that utilize Chromium, including, but not limited to, Google Chrome, Microsoft Edge, and Opera.",Google,Chromium V8
CVE-2016-1646,8.8,0.4811,0.98766,"Google Chromium V8 Engine contains an out-of-bounds read vulnerability that allows a remote attacker to cause a denial of service or possibly have another unspecified impact via crafted JavaScript code. This vulnerability could affect multiple web browsers that utilize Chromium, including, but not limited to, Google Chrome, Microsoft Edge, and Opera.",Google,Chromium V8
CVE-2013-1331,7.8,0.81877,0.99622,Microsoft Office contains a buffer overflow vulnerability that allows remote attackers to execute code via crafted PNG data in an Office document.,Microsoft,Office
CVE-2012-5054,8.8,0.21194,0.97403,Adobe Flash Player contains an integer overflow vulnerability that allows remote attackers to execute code via malformed arguments.,Adobe,Flash Player
CVE-2012-4969,8.1,0.81716,0.99617,Microsoft Internet Explorer contains a use-after-free vulnerability that allows remote attackers to execute code via a crafted web site.,Microsoft,Internet Explorer
CVE-2012-1889,8.8,0.83638,0.99665,Microsoft XML Core Services contains a memory corruption vulnerability which could allow for remote code execution.,Microsoft,XML Core Services
CVE-2012-0767,6.1,0.06662,0.9338,Adobe Flash Player contains a XSS vulnerability that allows remote attackers to inject web script or HTML.,Adobe,Flash Player
CVE-2012-0754,8.1,0.9203,0.99811,Adobe Flash Player contains a memory corruption vulnerability that allows remote attackers to execute code or cause denial-of-service (DoS).,Adobe,Flash Player
CVE-2012-0151,7.8,0.8878,0.99763,"The Authenticode Signature Verification function in Microsoft Windows (WinVerifyTrust) does not properly validate the digest of a signed portable executable (PE) file, which allows user-assisted remote attackers to execute code.",Microsoft,Windows
CVE-2011-2462,9.8,0.86563,0.99722,The Universal 3D (U3D) component in Adobe Reader and Acrobat contains a memory corruption vulnerability which could allow remote attackers to execute code or cause denial-of-service (DoS).,Adobe,Reader and Acrobat
CVE-2011-0609,7.8,0.66821,0.99232,Adobe Flash Player contains an unspecified vulnerability that allows remote attackers to execute code or cause denial-of-service (DoS).,Adobe,Flash Player
CVE-2010-2883,7.3,0.82485,0.99638,Adobe Acrobat and Reader contain a stack-based buffer overflow vulnerability that allows remote attackers to execute code or cause denial-of-service (DoS).,Adobe,Acrobat and Reader
CVE-2010-2572,7.8,0.62598,0.99125,Microsoft PowerPoint contains a buffer overflow vulnerability that alllows for remote code execution.,Microsoft,PowerPoint
CVE-2010-1297,7.8,0.82365,0.99635,Adobe Flash Player contains a memory corruption vulnerability that allows remote attackers to execute code or cause denial-of-service (DoS).,Adobe,Flash Player
CVE-2009-4324,7.8,0.81933,0.99624,Use-after-free vulnerability in Adobe Acrobat and Reader allows remote attackers to execute code via a crafted PDF file.,Adobe,Acrobat and Reader
CVE-2009-3953,8.8,0.83855,0.9967,Adobe Acrobat and Reader contains an array boundary issue in Universal 3D (U3D) support that could lead to remote code execution.,Adobe,Acrobat and Reader
CVE-2009-1862,7.8,0.25006,0.9775,Adobe Acrobat and Reader and Adobe Flash Player allows remote attackers to execute code or cause denial-of-service (DoS).,Adobe,"Acrobat and Reader, Flash Player"
CVE-2009-0563,7.8,0.63081,0.99138,Microsoft Office contains a buffer overflow vulnerability that allows remote attackers to execute code via a Word document with a crafted tag containing an invalid length field.,Microsoft,Office
CVE-2009-0557,7.8,0.58551,0.99029,Microsoft Office contains an object record corruption vulnerability that allows remote attackers to execute code via a crafted Excel file with a malformed record object.,Microsoft,Office
CVE-2008-0655,8.8,0.36844,0.9839,Adobe Acrobat and Reader contains an unespecified vulnerability described as a design flaw which could allow a specially crafted file to be printed silently an arbitrary number of times.,Adobe,Acrobat and Reader
CVE-2007-5659,7.8,0.94222,0.99841,Adobe Acrobat and Reader contain a buffer overflow vulnerability that allows remote attackers to execute code via a PDF file with long arguments to unspecified JavaScript methods.,Adobe,Acrobat and Reader
CVE-2006-2492,8.8,0.48387,0.98774,Microsoft Word and Microsoft Works Suites contain a malformed object pointer which allows attackers to execute code.,Microsoft,Word
CVE-2016-3393,7.8,0.68684,0.99284,A remote code execution vulnerability exists due to the way the Windows GDI component handles objects in the memory. An attacker who successfully exploits this vulnerability could take control of the affected system.,Microsoft,Windows
CVE-2016-7256,8.8,0.64835,0.99184,A remote code execution vulnerability exists when the Windows font library improperly handles specially crafted embedded fonts. An attacker who successfully exploits this vulnerability could take control of the affected system.,Microsoft,Windows
CVE-2016-1010,8.8,0.194,0.97156,Integer overflow vulnerability in Adobe Flash Player and AIR allows attackers to execute code.,Adobe,Flash Player and AIR
CVE-2016-0984,8.8,0.54823,0.98944,Use-after-free vulnerability in Adobe Flash Player and Adobe AIR allows attackers to execute code.,Adobe,Flash Player and AIR
CVE-2016-0034,8.8,0.69609,0.9931,"Microsoft Silverlight mishandles negative offsets during decoding, which allows attackers to execute remote code or cause a denial-of-service (DoS).",Microsoft,Silverlight
CVE-2014-4148,8.8,0.59776,0.99059,A remote code execution vulnerability exists when the Windows kernel-mode driver improperly handles TrueType fonts.,Microsoft,Windows
CVE-2014-8439,8.8,0.20008,0.97239,Adobe Flash Player has a vulnerability in the way it handles a dereferenced memory pointer which could lead to code execution.,Adobe,Flash Player
CVE-2014-4123,8.8,0.47259,0.98749,Microsoft Internet Explorer contains an unspecified vulnerability that allows remote attackers to gain privileges via a crafted web site.,Microsoft,Internet Explorer
CVE-2014-0546,9.8,0.2233,0.97506,"Adobe Reader and Acrobat on Windows allow attackers to bypass a sandbox protection mechanism, and consequently execute native code in a privileged context.",Adobe,Reader and Acrobat
CVE-2014-2817,8.8,0.26349,0.97849,Microsoft Internet Explorer cotains an unspecified vulnerability that allows remote attackers to gain privileges via a crafted web site.,Microsoft,Internet Explorer
CVE-2014-4077,7.8,0.47679,0.98758,Microsoft Input Method Editor (IME) Japanese is a keyboard with Japanese characters that can be enabled on Windows systems as it is included by default (with the default set as disabled). IME Japanese contains an unspecified vulnerability when IMJPDCT.EXE (IME for Japanese) is installed which allows attackers to bypass a sandbox and perform privilege escalation.,Microsoft,Input Method Editor (IME) Japanese
CVE-2014-3153,7.8,0.37233,0.98409,"The futex_requeue function in kernel/futex.c in Linux kernel does not ensure that calls have two different futex addresses, which allows local users to gain privileges.",Linux,Kernel
CVE-2013-7331,6.5,0.58023,0.99018,An information disclosure vulnerability exists in Internet Explorer which allows resources loaded into memory to be queried. This vulnerability could allow an attacker to detect anti-malware applications.,Microsoft,Internet Explorer
CVE-2013-3993,6.5,0.05236,0.9191,"Certain APIs within BigInsights can take invalid input that might allow attackers unauthorized access to read, write, modify, or delete data.",IBM,InfoSphere BigInsights
CVE-2013-3896,5.5,0.6961,0.99311,"Microsoft Silverlight does not properly validate pointers during access to Silverlight elements, which allows remote attackers to obtain sensitive information via a crafted Silverlight application.",Microsoft,Silverlight
CVE-2013-2423,3.7,0.85333,0.997,Unspecified vulnerability in hotspot for Java Runtime Environment (JRE) allows remote attackers to affect integrity.,Oracle,Java Runtime Environment (JRE)
CVE-2013-0431,5.3,0.89987,0.99783,Unspecified vulnerability in the Java Runtime Environment (JRE) component in Oracle allows remote attackers to bypass the Java security sandbox.,Oracle,Java Runtime Environment (JRE)
CVE-2013-0422,9.8,0.97612,0.99897,A vulnerability in the way Java restricts the permissions of Java applets could allow an attacker to execute commands on a vulnerable system.,Oracle,Java Runtime Environment (JRE)
CVE-2013-0074,7.8,0.81868,0.99621,"Microsoft Silverlight does not properly validate pointers during HTML object rendering, which allows remote attackers to execute code via a crafted Silverlight application.",Microsoft,Silverlight
CVE-2012-1710,9.8,0.11636,0.95725,"Unspecified vulnerability in the Oracle WebCenter Forms Recognition component in Oracle Fusion Middleware allows remote attackers to affect confidentiality, integrity, and availability via Unknown vectors related to Designer.",Oracle,Fusion Middleware
CVE-2010-1428,7.5,0.62308,0.99118,"Unauthenticated access to the JBoss Application Server Web Console (/web-console) is blocked by default. However, it was found that this block was incomplete, and only blocked GET and POST HTTP verbs. A remote attacker could use this flaw to gain access to sensitive information.",Red Hat,JBoss
CVE-2010-0840,9.8,0.96319,0.99876,"Unspecified vulnerability in the Java Runtime Environment (JRE) in Java SE component allows remote attackers to affect confidentiality, integrity, and availability via Unknown vectors.",Oracle,Java Runtime Environment (JRE)
CVE-2010-0738,5.3,0.79415,0.99571,"The JMX-Console web application in JBossAs in Red Hat JBoss Enterprise Application Platform performs access control only for the GET and POST methods, which allows remote attackers to send requests to this application's GET handler by using a different method.",Red Hat,JBoss
CVE-2018-8611,7.8,0.04196,0.90198,A privilege escalation vulnerability exists when the Windows kernel fails to properly handle objects in memory.,Microsoft,Windows
CVE-2018-19953,6.1,0.23894,0.97658,A cross-site scripting vulnerability affecting QNAP NAS File Station could allow remote attackers to inject malicious code.,QNAP,Network Attached Storage (NAS)
CVE-2018-19949,9.8,0.24449,0.97704,A command injection vulnerability affecting QNAP NAS File Station could allow remote attackers to run commands.,QNAP,Network Attached Storage (NAS)
CVE-2018-19943,8.0,0.17705,0.96927,A cross-site scripting vulnerability affecting QNAP NAS File Station could allow remote attackers to inject malicious code.,QNAP,Network Attached Storage (NAS)
CVE-2017-0147,7.5,0.99693,0.99949,The SMBv1 server in Microsoft Windows allows remote attackers to obtain sensitive information from process memory via a crafted packet.,Microsoft,SMBv1 server
CVE-2017-0022,6.5,0.18069,0.96971,"Microsoft XML Core Services (MSXML) improperly handles objects in memory, allowing attackers to test for files on disk via a crafted web site.",Microsoft,XML Core Services
CVE-2017-0005,7.8,0.10934,0.95545,The Graphics Device Interface (GDI) in Microsoft Windows allows local users to gain privileges via a crafted application.,Microsoft,Windows
CVE-2017-0149,8.8,0.29189,0.98027,Microsoft Internet Explorer contains a memory corruption vulnerability that allows remote attackers to execute code or cause a denial-of-service (DoS) via a crafted website.,Microsoft,Internet Explorer
CVE-2017-0210,8.8,0.19522,0.97174,"A privilege escalation vulnerability exists when Internet Explorer does not properly enforce cross-domain policies, which could allow an attacker to access information.",Microsoft,Internet Explorer
CVE-2017-8291,7.8,0.96968,0.99885,"Artifex Ghostscript allows -dSAFER bypass and remote command execution via .rsdparams type confusion with a ""/OutputFile.",Artifex,Ghostscript
CVE-2017-8543,9.8,0.74339,0.9945,Microsoft Windows allows an attacker to take control of the affected system when Windows Search fails to handle objects in memory.,Microsoft,Windows
CVE-2017-18362,9.8,0.8682,0.99729,ConnectWise ManagedITSync integration for Kaseya VSA is vulnerable to unauthenticated remote commands that allow full direct access to the Kaseya VSA database.,Kaseya,Virtual System/Server Administrator (VSA)
CVE-2016-0162,4.3,0.22088,0.97486,An information disclosure vulnerability exists when Internet Explorer does not properly handle JavaScript. The vulnerability could allow an attacker to detect specific files on the user's computer.,Microsoft,Internet Explorer
CVE-2016-3351,6.5,0.26286,0.97845,An information disclosure vulnerability exists in the way that certain functions in Internet Explorer and Edge handle objects in memory. The vulnerability could allow an attacker to detect specific files on the user's computer.,Microsoft,Internet Explorer and Edge
CVE-2016-4655,5.5,0.33353,0.98246,The Apple iOS kernel allows attackers to obtain sensitive information from memory via a crafted application.,Apple,iOS
CVE-2016-4656,7.8,0.23626,0.97633,A memory corruption vulnerability in Apple iOS kernel allows attackers to execute code in a privileged context or cause a denial-of-service (DoS) via a crafted application.,Apple,iOS
CVE-2016-4657,8.8,0.66788,0.99231,"Apple iOS WebKit contains a memory corruption vulnerability that allows attackers to execute remote code or cause a denial-of-service (DoS) via a crafted web site. This vulnerability could impact HTML parsers that use WebKit, including but not limited to Apple Safari and non-Apple products which rely on WebKit for HTML processing.",Apple,iOS
CVE-2016-6366,8.8,0.87565,0.99744,A buffer overflow vulnerability in the Simple Network Management Protocol (SNMP) code of Cisco ASA software could allow an attacker to cause a reload of the affected system or to remotely execute code.,Cisco,Adaptive Security Appliance (ASA)
CVE-2016-6367,7.8,0.22583,0.9754,"A vulnerability in the command-line interface (CLI) parser of Cisco ASA software could allow an authenticated, local attacker to create a denial-of-service (DoS) condition or potentially execute code.",Cisco,Adaptive Security Appliance (ASA)
CVE-2016-3298,6.5,0.3279,0.98221,An information disclosure vulnerability exists when the Microsoft Internet Messaging API improperly handles objects in memory. An attacker who successfully exploited this vulnerability could allow the attacker to test for the presence of files on disk.,Microsoft,Internet Explorer
CVE-2020-1027,7.8,0.04547,0.9088,An elevation of privilege vulnerability exists in the way that the Windows Kernel handles objects in memory. An attacker who successfully exploited the vulnerability could execute code with elevated permissions.,Microsoft,Windows
CVE-2020-0638,7.8,0.03042,0.86538,Microsoft Update Notification Manager contains an unspecified vulnerability that allows for privilege escalation.,Microsoft,Update Notification Manager
CVE-2018-5002,7.8,0.25353,0.97781,Adobe Flash Player have a stack-based buffer overflow vulnerability that could lead to remote code execution.,Adobe,Flash Player
CVE-2018-8589,7.8,0.03023,0.86463,A privilege escalation vulnerability exists when Windows improperly handles calls to Win32k.sys. An attacker who successfully exploited this vulnerability could run remote code in the security context of the local system.,Microsoft,Win32k
CVE-2014-4113,7.8,0.87042,0.99733,Microsoft Win32k contains an unspecified vulnerability that allows for privilege escalation.,Microsoft,Win32k
CVE-2014-0322,8.8,0.85239,0.99698,Use-after-free vulnerability in Microsoft Internet Explorer allows remote attackers to execute code.,Microsoft,Internet Explorer
CVE-2014-0160,7.5,0.99999,0.99997,"The TLS and DTLS implementations in OpenSSL do not properly handle Heartbeat Extension packets, which allows remote attackers to obtain sensitive information.",OpenSSL,OpenSSL
CVE-2018-6882,6.1,0.2542,0.97787,Synacor Zimbra Collaboration Suite (ZCS) contains a cross-site scripting vulnerability that might allow remote attackers to inject arbitrary web script or HTML.,Synacor,Zimbra Collaboration Suite (ZCS)
CVE-2018-7841,9.8,0.72675,0.99401,A SQL Injection vulnerability exists in U.motion Builder software which could cause unwanted code execution when an improper set of characters is entered.,Schneider Electric,U.motion Builder
CVE-2016-4523,7.5,0.31392,0.98144,The WAP interface in Trihedral VTScada (formerly VTS) allows remote attackers to cause a denial-of-service (DoS).,Trihedral,VTScada (formerly VTS)
CVE-2014-0780,9.8,0.74548,0.99456,"InduSoft Web Studio NTWebServer contains a directory traversal vulnerability that allows remote attackers to read administrative passwords in APP files, allowing for remote code execution.",InduSoft,Web Studio
CVE-2010-5330,9.8,0.34641,0.98298,Certain Ubiquiti devices contain a command injection vulnerability via a GET request to stainfo.cgi.,Ubiquiti,AirOS
CVE-2007-3010,9.8,0.97407,0.99893,masterCGI in the Unified Maintenance Tool in Alcatel OmniPCX Enterprise Communication Server allows remote attackers to execute arbitrary commands.,Alcatel,OmniPCX Enterprise
CVE-2018-7602,9.8,0.99236,0.99933,A remote code execution vulnerability exists within multiple subsystems of Drupal that can allow attackers to exploit multiple attack vectors on a Drupal site.,Drupal,Core
CVE-2018-20753,9.8,0.29336,0.98034,Kaseya VSA RMM allows unprivileged remote attackers to execute PowerShell payloads on all managed devices.,Kaseya,Virtual System/Server Administrator (VSA)
CVE-2014-9163,7.8,0.20356,0.97291,Stack-based buffer overflow in Adobe Flash Player allows attackers to execute code remotely.,Adobe,Flash Player
CVE-2020-2509,9.8,0.33381,0.98247,QNAP NAS devices contain a command injection vulnerability which could allow attackers to perform remote code execution.,QNAP,QNAP Network-Attached Storage (NAS)
CVE-2017-11317,9.8,0.84175,0.99675,Telerik.Web.UI in Progress Telerik UI for ASP.NET AJAX allows remote attackers to perform arbitrary file uploads or execute arbitrary code.,Telerik,User Interface (UI) for ASP.NET AJAX
CVE-2017-0148,8.1,0.99373,0.99937,The SMBv1 server in Microsoft allows remote attackers to execute arbitrary code via crafted packets.,Microsoft,SMBv1 server
CVE-2018-10562,9.8,0.99952,0.99973,"Dasan GPON Routers contain an authentication bypass vulnerability. When combined with CVE-2018-10561, exploitation can allow an attacker to perform remote code execution.",Dasan,Gigabit Passive Optical Network (GPON) Routers
CVE-2018-10561,9.8,0.93041,0.99824,"Dasan GPON Routers contain an authentication bypass vulnerability. When combined with CVE-2018-10562, exploitation can allow an attacker to perform remote code execution.",Dasan,Gigabit Passive Optical Network (GPON) Routers
CVE-2018-8440,7.8,0.18386,0.97012,An elevation of privilege vulnerability exists when Windows improperly handles calls to Advanced Local Procedure Call (ALPC).,Microsoft,Windows
CVE-2018-8406,7.8,0.03444,0.88107,An elevation of privilege vulnerability exists when the DirectX Graphics Kernel (DXGKRNL) driver improperly handles objects in memory.,Microsoft,DirectX Graphics Kernel (DXGKRNL)
CVE-2018-8405,7.8,0.03444,0.88108,An elevation of privilege vulnerability exists when the DirectX Graphics Kernel (DXGKRNL) driver improperly handles objects in memory.,Microsoft,DirectX Graphics Kernel (DXGKRNL)
CVE-2017-0213,7.3,0.84138,0.99674,Microsoft Windows COM Aggregate Marshaler allows for privilege escalation when an attacker runs a specially crafted application.,Microsoft,Windows
CVE-2017-0059,4.3,0.61968,0.9911,Microsoft Internet Explorer allow remote attackers to obtain sensitive information from process memory via a crafted web site.,Microsoft,Internet Explorer
CVE-2017-0037,8.1,0.80386,0.9959,"Microsoft Edge and Internet Explorer have a type confusion vulnerability in mshtml.dll, which allows remote code execution.",Microsoft,Edge and Internet Explorer
CVE-2016-7201,8.8,0.79687,0.99574,The Chakra JavaScript scripting engine in Microsoft Edge allows remote attackers to execute remote code or cause a denial of service (memory corruption) via a crafted web site.,Microsoft,Edge
CVE-2016-7200,8.8,0.8249,0.99639,The Chakra JavaScript scripting engine in Microsoft Edge allows remote attackers to execute remote code or cause a denial of service (memory corruption) via a crafted web site.,Microsoft,Edge
CVE-2016-0189,7.5,0.94062,0.99839,"The Microsoft JScript nd VBScript engines, as used in Internet Explorer and other products, allow attackers to execute remote code or cause a denial of service (memory corruption) via a crafted web site.",Microsoft,Internet Explorer
CVE-2016-0151,7.8,0.63195,0.99141,"The Client-Server Run-time Subsystem (CSRSS) in Microsoft mismanages process tokens, which allows local users to gain privileges via a crafted application.",Microsoft,Client-Server Run-time Subsystem (CSRSS)
CVE-2016-0040,7.8,0.24467,0.97706,The kernel in Microsoft Windows allows local users to gain privileges via a crafted application.,Microsoft,Windows
CVE-2013-3660,7.8,0.39578,0.98504,"The EPATHOBJ::pprFlattenRec function in win32k.sys in the kernel-mode drivers in Microsoft does not properly initialize a pointer for the next object in a certain list, which allows local users to gain privileges.",Microsoft,Win32k
CVE-2013-2729,9.8,0.66555,0.99225,Integer overflow vulnerability in Adobe Reader and Acrobat allows attackers to execute remote code.,Adobe,Reader and Acrobat
CVE-2013-2551,8.8,0.74096,0.99444,Use-after-free vulnerability in Microsoft Internet Explorer allows remote attackers to execute remote code via a crafted web site that triggers access to a deleted object.,Microsoft,Internet Explorer
CVE-2013-2465,9.8,0.98704,0.99922,"Unspecified vulnerability in the Java Runtime Environment (JRE) component in Oracle Java SE allows remote attackers to affect confidentiality, integrity, and availability via Unknown vectors related to 2D",Oracle,Java SE
CVE-2013-1690,8.8,0.69021,0.99296,"Mozilla Firefox and Thunderbird do not properly handle onreadystatechange events in conjunction with page reloading, which allows remote attackers to cause a denial-of-service (DoS) or possibly execute malicious code via a crafted web site.",Mozilla,Firefox and Thunderbird
CVE-2012-5076,9.8,0.91013,0.99798,The default Java security properties configuration did not restrict access to the com.sun.org.glassfish.external and com.sun.org.glassfish.gmbal packages. An untrusted Java application or applet could use these flaws to bypass Java sandbox restrictions.,Oracle,Java SE
CVE-2012-2539,7.8,0.53159,0.98899,Microsoft Word allows attackers to execute remote code or cause a denial-of-service (DoS) via crafted RTF data.,Microsoft,Word
CVE-2012-2034,7.5,0.078,0.94213,Adobe Flash Player contains a memory corruption vulnerability that allows for remote code execution or denial-of-service (DoS).,Adobe,Flash Player
CVE-2012-0518,4.7,0.04685,0.91104,Unspecified vulnerability in the Oracle Application Server Single Sign-On component in Oracle Fusion Middleware allows remote attackers to affect integrity via Unknown vectors,Oracle,Fusion Middleware
CVE-2011-2005,7.8,0.31761,0.98163,"afd.sys in the Ancillary Function Driver in Microsoft Windows does not properly validate user-mode input passed to kernel mode, which allows local users to gain privileges via a crafted application.",Microsoft,Ancillary Function Driver (afd.sys)
CVE-2010-4398,7.8,0.08661,0.9471,"Stack-based buffer overflow in the RtlQueryRegistryValues function in win32k.sys in Microsoft Windows allows local users to gain privileges, and bypass the User Account Control (UAC) feature.",Microsoft,Windows
CVE-2020-9377,8.8,0.21338,0.97415,D-Link DIR-610 devices allow remote code execution via the cmd parameter to command.php.,D-Link,DIR-610 Devices
CVE-2020-9054,9.8,0.99988,0.99984,"Multiple Zyxel network-attached storage (NAS) devices contain a pre-authentication command injection vulnerability, which may allow a remote, unauthenticated attacker to execute arbitrary code.",Zyxel,Multiple Network-Attached Storage (NAS) Devices
CVE-2020-7247,9.8,0.98972,0.99926,"smtp_mailaddr in smtp_session.c in OpenSMTPD, as used in OpenBSD and other products, allows remote attackers to execute arbitrary commands as root via a crafted SMTP session.",OpenBSD,OpenSMTPD
CVE-2020-5410,7.5,0.95586,0.99864,"Spring, by VMware Tanzu, Cloud Config contains a path traversal vulnerability that allows applications to serve arbitrary configuration files.",VMware Tanzu,Spring Cloud Configuration (Config) Server
CVE-2020-25223,9.8,0.96693,0.99881,A remote code execution vulnerability exists in the WebAdmin of Sophos SG UTM.,Sophos,SG UTM
CVE-2020-2506,7.3,0.01982,0.79067,QNAP Helpdesk contains an improper access control vulnerability which could allow an attacker to gain privileges or to read sensitive information.,QNAP Systems,Helpdesk
CVE-2020-2021,10.0,0.04362,0.90527,Palo Alto Networks PAN-OS contains a vulnerability in SAML which allows an attacker to bypass authentication.,Palo Alto Networks,PAN-OS
CVE-2020-1956,8.8,0.97337,0.99892,Apache Kylin contains an OS command injection vulnerability which could permit an attacker to perform remote code execution.,Apache,Kylin
CVE-2020-1631,8.8,0.04725,0.91164,"A path traversal vulnerability in the HTTP/HTTPS service used by J-Web, Web Authentication, Dynamic-VPN (DVPN), Firewall Authentication Pass-Through with Web-Redirect, and Zero Touch Provisioning (ZTP) allows an unauthenticated attacker to perform remote code execution.",Juniper,Junos OS
CVE-2018-8414,8.8,0.73968,0.9944,A remote code execution vulnerability exists when the Windows Shell does not properly validate file paths.,Microsoft,Windows
CVE-2018-8373,7.5,0.61912,0.99108,A remote code execution vulnerability exists in the way that the scripting engine handles objects in memory in Internet Explorer.,Microsoft,Internet Explorer Scripting Engine
CVE-2018-6961,8.1,0.86252,0.99717,VMware SD-WAN Edge by VeloCloud contains a command injection vulnerability in the local web UI component. Successful exploitation of this issue could result in remote code execution.,VMware,SD-WAN Edge
CVE-2018-14839,9.8,0.89354,0.9977,LG N1A1 NAS 3718.510 is affected by a remote code execution vulnerability.,LG,N1A1 NAS
CVE-2018-1273,9.8,0.95715,0.99866,Spring Data Commons contains a property binder vulnerability which can allow an attacker to perform remote code execution.,VMware Tanzu,Spring Data Commons
CVE-2018-11138,9.8,0.92061,0.99811,The '/common/download_agent_installer.php' script in the Quest KACE System Management Appliance is accessible by anonymous users and can be abused to perform remote code execution.,Quest,KACE System Management Appliance
CVE-2018-0147,9.8,0.18212,0.96989,"A vulnerability in Java deserialization used by Cisco Secure Access Control System (ACS) could allow an unauthenticated, remote attacker to execute arbitrary commands on an affected device. The vulnerability is due to insecure deserialization of user-supplied content by the affected software.",Cisco,Secure Access Control System (ACS)
CVE-2018-0125,9.8,0.55186,0.98953,"A vulnerability in the web interface of the Cisco VPN Routers could allow an unauthenticated, remote attacker to execute arbitrary code as root and gain full control of an affected system.",Cisco,VPN Routers
CVE-2017-6334,8.8,0.72199,0.99386,dnslookup.cgi on NETGEAR DGN2200 devices with firmware through 10.0.0.50 allows remote authenticated users to execute arbitrary OS commands,NETGEAR,DGN2200 Devices
CVE-2017-6316,9.8,0.72596,0.99397,"A vulnerability has been identified in the management interface of Citrix NetScaler SD-WAN Enterprise and Standard Edition and Citrix CloudBridge Virtual WAN Edition that could result in an unauthenticated, remote attacker being able to execute arbitrary code as a root user. This vulnerability also affects XenMobile Server.",Citrix,"NetScaler SD-WAN Enterprise, CloudBridge Virtual WAN, and XenMobile Server"
CVE-2017-3881,9.8,0.98975,0.99926,"A vulnerability in the Cisco Cluster Management Protocol (CMP) processing code in Cisco IOS and Cisco IOS XE Software could allow an unauthenticated, remote attacker to cause a reload of an affected device or remotely execute code with elevated privileges.",Cisco,IOS and IOS XE
CVE-2017-12617,8.1,0.99988,0.99984,"When running Apache Tomcat, it is possible to upload a JSP file to the server via a specially crafted request. This JSP could then be requested and any code it contained would be executed by the server.",Apache,Tomcat
CVE-2017-12615,8.1,0.99607,0.99945,"When running Apache Tomcat on Windows with HTTP PUTs enabled, it is possible to upload a JSP file to the server via a specially crafted request. This JSP could then be requested and any code it contained would be executed by the server.",Apache,Tomcat
CVE-2017-0146,8.8,0.89862,0.9978,The SMBv1 server in Microsoft Windows allows remote attackers to perform remote code execution.,Microsoft,Windows
CVE-2016-7892,8.8,0.18786,0.97062,Adobe Flash Player has an exploitable use-after-free vulnerability in the TextField class.,Adobe,Flash Player
CVE-2016-4171,9.8,0.20211,0.9727,Unspecified vulnerability in Adobe Flash Player allows for remote code execution.,Adobe,Flash Player
CVE-2016-1555,9.8,0.98325,0.99913,Multiple NETGEAR Wireless Access Point devices allows unauthenticated web pages to pass form input directly to the command-line interface. Exploitation allows for arbitrary code execution.,NETGEAR,Wireless Access Point (WAP) Devices
CVE-2016-11021,7.2,0.6887,0.99291,setSystemCommand on D-Link DCS-930L devices allows a remote attacker to execute code via an OS command.,D-Link,DCS-930L Devices
CVE-2016-10174,9.8,0.8345,0.99659,The NETGEAR WNR2000v5 router contains a buffer overflow which can be exploited to achieve remote code execution.,NETGEAR,WNR2000v5 Router
CVE-2016-0752,7.5,0.95537,0.99863,Directory traversal vulnerability in Action View in Ruby on Rails allows remote attackers to read arbitrary files.,Rails,Ruby on Rails
CVE-2014-6332,8.8,0.94996,0.99854,OleAut32.dll in OLE in Microsoft Windows allows remote attackers to remotely execute code via a crafted web site.,Microsoft,Windows
CVE-2014-6324,8.8,0.87448,0.99742,The Kerberos Key Distribution Center (KDC) in Microsoft allows remote authenticated domain users to obtain domain administrator privileges.,Microsoft,Kerberos Key Distribution Center (KDC)
CVE-2014-6287,9.8,0.99323,0.99936,The findMacroMarker function in parserLib.pas in Rejetto HTTP File Server (HFS or HttpFileServer) allows remote attackers to execute arbitrary programs.,Rejetto,HTTP File Server (HFS)
CVE-2014-3120,8.1,0.88559,0.99761,"Elasticsearch enables dynamic scripting, which allows remote attackers to execute arbitrary MVEL expressions and Java code.",Elastic,Elasticsearch
CVE-2014-0130,7.5,0.53703,0.98916,Directory traversal vulnerability in actionpack/lib/abstract_controller/base.rb in the implicit-render implementation in Ruby on Rails allows remote attackers to read arbitrary files via a crafted request.,Rails,Ruby on Rails
CVE-2013-5223,5.4,0.33567,0.98256,"A cross-site scripting (XSS) vulnerability exists in the D-Link DSL-2760U gateway, allowing remote authenticated users to inject arbitrary web script or HTML.",D-Link,DSL-2760U
CVE-2013-4810,9.8,0.79003,0.99565,"HP ProCurve Manager (PCM), PCM+, Identity Driven Manager (IDM), and Application Lifecycle Management allow remote attackers to execute arbitrary code via a marshalled object to (1) EJBInvokerServlet or (2) JMXInvokerServlet.",Hewlett Packard (HP),"ProCurve Manager (PCM), PCM+, Identity Driven Manager (IDM), and Application Lifecycle Management"
CVE-2013-2251,9.8,0.99998,0.9999,Apache Struts allows remote attackers to execute arbitrary Object-Graph Navigation Language (OGNL) expressions.,Apache,Struts
CVE-2012-1823,9.8,0.99998,0.9999,"sapi/cgi/cgi_main.c in PHP, when configured as a CGI script, does not properly handle query strings, which allows remote attackers to execute arbitrary code.",PHP,PHP
CVE-2010-4345,7.8,0.18105,0.96975,Exim allows local users to gain privileges by leveraging the ability of the exim user account to specify an alternate configuration file with a directive that contains arbitrary commands.,Exim,Exim
CVE-2010-4344,9.8,0.71901,0.99378,Heap-based buffer overflow in the string_vformat function in string.c in Exim before 4.70 allows remote attackers to execute arbitrary code via an SMTP session.,Exim,Exim
CVE-2010-3035,7.5,0.05562,0.92271,"Cisco IOS XR, when BGP is the configured routing feature, allows remote attackers to cause a denial-of-service (DoS).",Cisco,IOS XR
CVE-2010-2861,9.8,0.99721,0.9995,A directory traversal vulnerability exists in the administrator console in Adobe ColdFusion which allows remote attackers to read arbitrary files.,Adobe,ColdFusion
CVE-2009-2055,5.9,0.03326,0.87696,"Cisco IOS XR,when BGP is the configured routing feature, allows remote attackers to cause a denial-of-service (DoS).",Cisco,IOS XR
CVE-2009-1151,9.8,0.96565,0.99877,Setup script used to generate configuration can be fooled using a crafted POST request to include arbitrary PHP code in generated configuration file.,phpMyAdmin,phpMyAdmin
CVE-2009-0927,8.8,0.96632,0.99879,Stack-based buffer overflow in Adobe Reader and Adobe Acrobat allows remote attackers to execute arbitrary code.,Adobe,Reader and Acrobat
CVE-2005-2773,9.8,0.7409,0.99444,HP OpenView Network Node Manager could allow a remote attacker to execute arbitrary commands on the system.,Hewlett Packard (HP),OpenView Network Node Manager
CVE-2020-5135,9.8,0.26869,0.97882,A buffer overflow vulnerability in SonicOS allows a remote attacker to cause Denial of Service (DoS) and potentially execute arbitrary code by sending a malicious request to the firewall.,SonicWall,SonicOS
CVE-2018-8120,7.0,0.73721,0.99433,A privilege escalation vulnerability exists in Windows when the Win32k component fails to properly handle objects in memory.,Microsoft,Win32k
CVE-2017-0101,7.8,0.57482,0.99007,A privilege escalation vulnerability exists when the Windows Transaction Manager improperly handles objects in memory.,Microsoft,Windows
CVE-2016-3309,7.8,0.20625,0.97332,A privilege escalation vulnerability exists when the Windows kernel fails to properly handle objects in memory. An attacker who successfully exploited this vulnerability could run arbitrary code in kernel mode.,Microsoft,Windows
CVE-2020-8218,7.2,0.32739,0.98216,A code injection vulnerability exists in Pulse Connect Secure that allows an attacker to crafted a URI to perform an arbitrary code execution via the admin web interface.,Pulse Secure,Pulse Connect Secure
CVE-2017-6077,9.8,0.68201,0.99272,NETGEAR DGN2200 wireless routers contain a vulnerability that allows for remote code execution.,NETGEAR,Wireless Router DGN2200
CVE-2016-6277,8.8,0.99803,0.99956,"NETGEAR confirmed multiple routers allow unauthenticated web pages to pass form input directly to the command-line interface, permitting remote code execution.",NETGEAR,Multiple Routers
CVE-2013-0631,7.5,0.65867,0.99211,"Adobe Coldfusion contains an unspecified vulnerability, which could result in information disclosure from a compromised server.",Adobe,ColdFusion
CVE-2013-0629,7.5,0.65902,0.99211,"Adobe Coldfusion contains a directory traversal vulnerability, which could permit an unauthorized user access to restricted directories.",Adobe,ColdFusion
CVE-2013-0625,9.8,0.93797,0.99835,"Adobe Coldfusion contains an authentication bypass vulnerability, which could result in an unauthorized user gaining administrative access.",Adobe,ColdFusion
CVE-2009-3960,6.5,0.90012,0.99783,"Adobe BlazeDS, which is utilized in LifeCycle and Coldfusion, contains a vulnerability that allows for information disclosure.",Adobe,BlazeDS
CVE-2020-1938,9.8,0.9927,0.99934,"Apache Tomcat treats Apache JServ Protocol (AJP) connections as having higher trust than, for example, a similar HTTP connection. If such connections are available to an attacker, they can be exploited.",Apache,Tomcat
CVE-2020-11899,5.4,0.18564,0.97036,The Treck TCP/IP stack contains an IPv6 out-of-bounds read vulnerability.,Treck TCP/IP stack,IPv6
CVE-2018-8581,7.4,0.27355,0.9791,A privilege escalation vulnerability exists in Microsoft Exchange Server. An attacker who successfully exploited this vulnerability could attempt to impersonate any other user of the Exchange server.,Microsoft,Exchange Server
CVE-2018-8298,7.5,0.74789,0.99464,The ChakraCore scripting engine contains a type confusion vulnerability which can allow for remote code execution.,ChakraCore,ChakraCore scripting engine
CVE-2018-0180,5.9,0.04967,0.91549,"A vulnerability in the Login Enhancements (Login Block) feature of Cisco IOS Software could allow an unauthenticated, remote attacker to trigger a reload of an affected system, resulting in a denial of service (DoS) condition.",Cisco,IOS Software
CVE-2018-0179,5.9,0.04967,0.91548,"A vulnerability in the Login Enhancements (Login Block) feature of Cisco IOS Software could allow an unauthenticated, remote attacker to trigger a reload of an affected system, resulting in a denial of service (DoS) condition.",Cisco,IOS Software
CVE-2018-0175,8.0,0.03501,0.88299,"Format string vulnerability in the Link Layer Discovery Protocol (LLDP) subsystem of Cisco IOS Software, Cisco IOS XE Software, and Cisco IOS XR Software could allow an unauthenticated, adjacent attacker to cause a denial of service (DoS) condition or execute arbitrary code with elevated privileges on an affected device.",Cisco,"IOS, XR, and XE Software"
CVE-2018-0174,8.6,0.07658,0.9413,A vulnerability in the DHCP option 82 encapsulation functionality of Cisco IOS Software and Cisco IOS XE Software could allow for denial-of-service (DoS).,Cisco,IOS XE Software
CVE-2018-0173,8.6,0.07658,0.94129,A vulnerability in the Cisco IOS Software and Cisco IOS XE Software function that restores encapsulated option 82 information in DHCP Version 4 (DHCPv4) packets can allow for denial-of-service (DoS).,Cisco,IOS and IOS XE Software
CVE-2018-0172,8.6,0.07871,0.94256,A vulnerability in the DHCP option 82 encapsulation functionality of Cisco IOS Software and Cisco IOS XE Software could allow for denial-of-service (DoS).,Cisco,IOS and IOS XE Software
CVE-2018-0167,8.8,0.03376,0.87868,"There is a buffer overflow vulnerability in the Link Layer Discovery Protocol (LLDP) subsystem of Cisco IOS Software, Cisco IOS XE Software, and Cisco IOS XR Software which could allow an unauthenticated, adjacent attacker to cause a denial of service (DoS) condition or execute arbitrary code.",Cisco,"IOS, XR, and XE Software"
CVE-2018-0161,6.3,0.04667,0.91079,"A vulnerability in the Simple Network Management Protocol (SNMP) subsystem of Cisco IOS Software running on certain models of Cisco Catalyst Switches could allow an authenticated, remote attacker to cause a denial-of-service (DoS) condition.",Cisco,IOS Software
CVE-2018-0159,7.5,0.06915,0.93595,"A vulnerability in the implementation of Internet Key Exchange Version 1 (IKEv1) functionality in Cisco IOS Software and Cisco IOS XE Software could allow an unauthenticated, remote attacker to cause an affected device to reload, resulting in a denial-of-service (DoS) condition.",Cisco,IOS Software and Cisco IOS XE Software
CVE-2018-0158,8.6,0.07237,0.93858,"A vulnerability in the implementation of Internet Key Exchange Version 1 (IKEv1) functionality in Cisco IOS Software and Cisco IOS XE Software could allow an unauthenticated, remote attacker to cause an affected device to reload, resulting in a denial-of-service (DoS) condition.",Cisco,IOS Software and Cisco IOS XE Software
CVE-2018-0156,7.5,0.08195,0.94449,"A vulnerability in the Smart Install feature of Cisco IOS Software and Cisco IOS XE Software could allow an unauthenticated, remote attacker to trigger a reload of an affected device, resulting in a denial-of-service (DoS) condition.",Cisco,IOS Software and Cisco IOS XE Software
CVE-2018-0155,8.6,0.07793,0.94208,"A vulnerability in the Bidirectional Forwarding Detection (BFD) offload implementation of Cisco Catalyst 4500 Series Switches and Cisco Catalyst 4500-X Series Switches could allow an unauthenticated, remote attacker to cause a crash of the iosd process, causing a denial-of-service (DoS) condition.",Cisco,Catalyst 4500 Series Switches and Cisco Catalyst 4500-X Series Switches
CVE-2018-0154,7.5,0.07117,0.93764,"A vulnerability in the crypto engine of the Cisco Integrated Services Module for VPN (ISM-VPN) running Cisco IOS Software could allow an unauthenticated, remote attacker to cause a denial-of-service (DoS) condition.",Cisco,IOS Software
CVE-2018-0151,9.8,0.14287,0.96323,"A vulnerability in the quality of service (QoS) subsystem of Cisco IOS Software and Cisco IOS XE Software could allow an unauthenticated, remote attacker to cause a denial of service (DoS) condition or execute arbitrary code with elevated privileges.",Cisco,IOS and IOS XE Software
CVE-2017-8540,7.8,0.71961,0.99378,"The Microsoft Malware Protection Engine running on Microsoft Forefront and Microsoft Defender on Microsoft Windows Server 2008 SP2 and R2 SP1, Windows 7 SP1, Windows 8.1, Windows Server 2012 Gold and R2, Windows RT 8.1, Windows 10 Gold, 1511, 1607, and 1703, and Windows Server 2016, Microsoft Exchange Server 2013 and 2016, does not properly scan a specially crafted file leading to memory corruption. aka ""Microsoft Malware Protection Engine Remote Code Execution Vulnerability"".",Microsoft,Malware Protection Engine
CVE-2017-6744,8.8,0.07158,0.93801,"The Simple Network Management Protocol (SNMP) subsystem of Cisco IOS 1 contains a vulnerability that could allow an authenticated, remote attacker to remotely execute code on an affected system or cause an affected system to reload. An attacker could exploit these vulnerabilities by sending a crafted SNMP packet to an affected system via IPv4 or IPv6.",Cisco,IOS software
CVE-2017-6743,8.8,0.1055,0.95426,"The Simple Network Management Protocol (SNMP) subsystem of Cisco IOS and IOS XE contains a vulnerability that could allow an authenticated, remote attacker to remotely execute code.",Cisco,IOS and IOS XE Software
CVE-2017-6740,8.8,0.10788,0.95499,"The Simple Network Management Protocol (SNMP) subsystem of Cisco IOS and IOS XE contains a vulnerability that could allow an authenticated, remote attacker to remotely execute code on an affected system or cause an affected system to reload.",Cisco,IOS and IOS XE Software
CVE-2017-6739,8.8,0.1055,0.95426,"The Simple Network Management Protocol (SNMP) subsystem of Cisco IOS and IOS XE contains a vulnerability that could allow an authenticated, remote attacker to remotely execute code on an affected system or cause an affected system to reload.",Cisco,IOS and IOS XE Software
CVE-2017-6738,8.8,0.1055,0.95426,"The Simple Network Management Protocol (SNMP) subsystem of Cisco IOS and IOS XE contains a vulnerability that could allow an authenticated, remote attacker to remotely execute code.",Cisco,IOS and IOS XE Software
CVE-2017-6737,8.8,0.42632,0.98608,"The Simple Network Management Protocol (SNMP) subsystem of Cisco IOS and IOS XE contains a vulnerability that could allow an authenticated, remote attacker to remotely execute code.",Cisco,IOS and IOS XE Software
CVE-2017-6736,8.8,0.70559,0.99339,"The Simple Network Management Protocol (SNMP) subsystem of Cisco IOS and IOS XE contains a vulnerability that could allow an authenticated, remote attacker to remotely execute code.",Cisco,IOS and IOS XE Software
CVE-2017-6663,6.5,0.02135,0.80634,"A vulnerability in the Autonomic Networking feature of Cisco IOS Software and Cisco IOS XE Software could allow an unauthenticated, adjacent attacker to cause autonomic nodes of an affected system to reload, resulting in denial-of-service (DoS).",Cisco,IOS and IOS XE Software
CVE-2017-6627,7.5,0.06042,0.92824,"A vulnerability in the UDP processing code of Cisco IOS and IOS XE could allow an unauthenticated, remote attacker to cause the input queue of an affected system to hold UDP packets, causing an interface queue wedge and denial of service.",Cisco,IOS and IOS XE Software
CVE-2017-12319,5.9,0.05278,0.9196,"A vulnerability in the Border Gateway Protocol (BGP) over an Ethernet Virtual Private Network (EVPN) for Cisco IOS XE Software could allow an unauthenticated, remote attacker to cause the device to reload, resulting in a denial of service (DoS) condition, or potentially corrupt the BGP routing table, which could result in network instability.",Cisco,IOS XE Software
CVE-2017-12240,9.8,0.13883,0.96246,"The Dynamic Host Configuration Protocol (DHCP) relay subsystem of Cisco IOS and Cisco IOS XE Software contains a vulnerability that could allow an unauthenticated, remote attacker to execute arbitrary code and gain full control of an affected system.",Cisco,IOS and IOS XE Software
CVE-2017-12238,6.5,0.02034,0.79631,"A vulnerability in the Virtual Private LAN Service (VPLS) code of Cisco IOS for Cisco Catalyst 6800 Series Switches could allow an unauthenticated, adjacent attacker to cause a denial of service.",Cisco,Catalyst 6800 Series Switches
CVE-2017-12237,7.5,0.07128,0.93774,"A vulnerability in the Internet Key Exchange Version 2 (IKEv2) module of Cisco IOS and Cisco IOS XE could allow an unauthenticated, remote attacker to cause high CPU utilization, traceback messages, or a reload of an affected device that leads to a denial of service.",Cisco,IOS and IOS XE Software
CVE-2017-12235,7.5,0.07128,0.93775,"A vulnerability in the implementation of the PROFINET Discovery and Configuration Protocol (PN-DCP) for Cisco IOS could allow an unauthenticated, remote attacker to cause an affected device to reload, resulting in a denial of service.",Cisco,IOS software
CVE-2017-12234,7.5,0.07128,0.93774,"There is a vulnerability in the implementation of the Common Industrial Protocol (CIP) feature in Cisco IOS could allow an unauthenticated, remote attacker to cause an affected device to reload, resulting in a denial of service.",Cisco,IOS software
CVE-2017-12233,7.5,0.07128,0.93774,"There is a vulnerability in the implementation of the Common Industrial Protocol (CIP) feature in Cisco IOS could allow an unauthenticated, remote attacker to cause an affected device to reload, resulting in a denial of service.",Cisco,IOS software
CVE-2017-12232,6.5,0.02171,0.80944,"A vulnerability in the implementation of a protocol in Cisco Integrated Services Routers Generation 2 (ISR G2) Routers running Cisco IOS could allow an unauthenticated, adjacent attacker to cause an affected device to reload, resulting in a denial of service.",Cisco,IOS software
CVE-2017-12231,7.5,0.07128,0.93775,"A vulnerability in the implementation of Network Address Translation (NAT) functionality in Cisco IOS could allow an unauthenticated, remote attacker to cause a denial of service.",Cisco,IOS software
CVE-2017-11826,7.8,0.81454,0.9961,A remote code execution vulnerability exists in Microsoft Office software when the software fails to properly handle objects in memory. An attacker who successfully exploited the vulnerability could run arbitrary code in the context of the current user.,Microsoft,Office
CVE-2017-11292,8.8,0.11885,0.95787,Adobe Flash Player contains a type confusion vulnerability which can allow for remote code execution.,Adobe,Flash Player
CVE-2017-0261,7.8,0.7813,0.9954,Microsoft Office contains a use-after-free vulnerability which can allow for remote code execution.,Microsoft,Office
CVE-2017-0001,7.8,0.03114,0.8683,"The Graphics Device Interface (GDI) in Microsoft Windows Vista SP2; Windows Server 2008 SP2 and R2 SP1; Windows 7 SP1; Windows 8.1; Windows Server 2012 Gold and R2; Windows RT 8.1; and Windows 10 Gold, 1511, and 1607 allows local users to gain privileges",Microsoft,Graphics Device Interface (GDI)
CVE-2016-8562,7.5,0.03624,0.88657,An improper privilege management vulnerability exists within the Siemens SIMATIC Communication Processor (CP) that allows a privileged attacker to remotely cause a denial of service.,Siemens,SIMATIC CP
CVE-2016-7855,8.8,0.25198,0.97771,Use-after-free vulnerability in Adobe Flash Player Windows and OS and Linux allows remote attackers to execute arbitrary code.,Adobe,Flash Player
CVE-2016-7262,7.8,0.57856,0.99013,A security feature bypass vulnerability exists when Microsoft Office improperly handles input. An attacker who successfully exploited the vulnerability could execute arbitrary commands.,Microsoft,Excel
CVE-2016-7193,7.8,0.57705,0.99011,Microsoft Office contains a memory corruption vulnerability which can allow for remote code execution.,Microsoft,Office
CVE-2016-5195,7.0,0.83524,0.99661,Race condition in mm/gup.c in the Linux kernel allows local users to escalate privileges.,Linux,Kernel
CVE-2016-4117,9.8,0.94354,0.99843,An access of resource using incompatible type vulnerability exists within Adobe Flash Player that allows an attacker to perform remote code execution.,Adobe,Flash Player
CVE-2016-1019,9.8,0.22487,0.97529,Adobe Flash Player allows remote attackers to cause a denial of service or possibly execute arbitrary code.,Adobe,Flash Player
CVE-2016-0099,7.8,0.37164,0.98406,A privilege escalation vulnerability exists in Microsoft Windows if the Windows Secondary Logon Service fails to properly manage request handles in memory. An attacker who successfully exploited this vulnerability could run arbitrary code as an administrator.,Microsoft,Windows
CVE-2014-4114,7.8,0.81628,0.99615,A vulnerability exists in Windows Object Linking & Embedding (OLE) that could allow remote code execution if a user opens a file that contains a specially crafted OLE object.,Microsoft,Windows
CVE-2014-0496,8.8,0.40243,0.9853,Adobe Reader and Acrobat contain a use-after-free vulnerability which can allow for code execution.,Adobe,Reader and Acrobat
CVE-2013-5065,7.8,0.34893,0.9831,Microsoft Windows NDProxy.sys in the kernel contains an improper input validation vulnerability which can allow a local attacker to escalate privileges.,Microsoft,Windows
CVE-2013-3897,8.8,0.77462,0.99521,A use-after-free vulnerability exists within CDisplayPointer in Microsoft Internet Explorer that allows an attacker to remotely execute arbitrary code.,Microsoft,Internet Explorer
CVE-2013-3346,9.8,0.78581,0.99552,Adobe Reader and Acrobat contain a memory corruption vulnerability which can allow attackers to execute arbitrary code or cause a denial of service.,Adobe,Reader and Acrobat
CVE-2013-1675,6.5,0.06696,0.93407,"Mozilla Firefox does not properly initialize data structures for the nsDOMSVGZoomEvent::mPreviousScale and nsDOMSVGZoomEvent::mNewScale functions, which allows remote attackers to obtain sensitive information from process memory via a crafted web site.",Mozilla,Firefox
CVE-2013-1347,8.8,0.77889,0.99535,This vulnerability may corrupt memory in a way that could allow an attacker to execute arbitrary code in the context of the current user within Internet Explorer.,Microsoft,Internet Explorer
CVE-2013-0641,7.8,0.32449,0.98203,A buffer overflow vulnerability exists in Adobe Reader which allows an attacker to perform remote code execution.,Adobe,Reader
CVE-2013-0640,7.8,0.86979,0.99731,An memory corruption vulnerability exists in the acroform.dll in Adobe Reader that allows an attacker to perform remote code execution.,Adobe,Reader and Acrobat
CVE-2013-0632,9.8,0.93691,0.99835,An authentication bypass vulnerability exists in Adobe ColdFusion which could result in an unauthorized user gaining administrative access.,Adobe,ColdFusion
CVE-2012-4681,9.8,0.98536,0.99918,The Java Runtime Environment (JRE) component in Oracle Java SE allow for remote code execution.,Oracle,Java SE
CVE-2012-1856,8.8,0.72225,0.99388,The TabStrip ActiveX control in the Common Controls in MSCOMCTL.OCX in Microsoft Office allows remote attackers to execute arbitrary code via a crafted (1) document or (2) web page that triggers system-state corruption.,Microsoft,Office
CVE-2012-1723,9.8,0.93688,0.99834,"Unspecified vulnerability in the Java Runtime Environment (JRE) component in Oracle Java SE allows remote attackers to affect confidentiality, integrity, and availability via Unknown vectors related to Hotspot.",Oracle,Java SE
CVE-2012-1535,7.8,0.70384,0.99334,Unspecified vulnerability in Adobe Flash Player allows remote attackers to execute arbitrary code or cause a denial of service via crafted SWF content.,Adobe,Flash Player
CVE-2012-0507,9.8,0.98113,0.99908,An incorrect type vulnerability exists in the Concurrency component of Oracle's Java Runtime Environment allows an attacker to remotely execute arbitrary code.,Oracle,Java SE
CVE-2011-3544,9.8,0.96714,0.99881,An access control vulnerability exists in the Applet Rhino Script Engine component of Oracle's Java Runtime Environment allows an attacker to remotely execute arbitrary code.,Oracle,Java SE JDK and JRE
CVE-2011-1889,9.8,0.48368,0.98773,A remote code execution vulnerability exists in the Forefront Threat Management Gateway (TMG) Firewall Client Winsock provider that could allow code execution in the security context of the client application.,Microsoft,Forefront Threat Management Gateway (TMG)
CVE-2011-0611,8.8,0.9941,0.99938,Adobe Flash Player contains a vulnerability that allows remote attackers to execute arbitrary code or cause a denial of service (application crash) via crafted Flash content.,Adobe,Flash Player
CVE-2010-3333,7.8,0.89497,0.99773,A stack-based buffer overflow vulnerability exists in the parsing of RTF data in Microsoft Office and earlier allows an attacker to perform remote code execution.,Microsoft,Office
CVE-2010-0232,7.8,0.29253,0.9803,"The kernel in Microsoft Windows, when access to 16-bit applications is enabled on a 32-bit x86 platform, does not properly validate certain BIOS calls, which allows local users to gain privileges.",Microsoft,Windows
CVE-2010-0188,7.8,0.88246,0.99756,Unspecified vulnerability in Adobe Reader and Acrobat allows attackers to cause a denial of service or possibly execute arbitrary code.,Adobe,Reader and Acrobat
CVE-2009-3129,7.8,0.85731,0.99708,Microsoft Office Excel allows remote attackers to execute arbitrary code via a spreadsheet with a FEATHEADER record containing an invalid cbHdrData size element that affects a pointer offset.,Microsoft,Excel
CVE-2009-1123,7.8,0.04918,0.91468,"The kernel in Microsoft Windows does not properly validate changes to unspecified kernel objects, which allows local users to gain privileges via a crafted application.",Microsoft,Windows
CVE-2008-3431,8.8,0.06932,0.93611,An input validation vulnerability exists in the VBoxDrv.sys driver of Sun xVM VirtualBox which allows attackers to locally execute arbitrary code.,Oracle,VirtualBox
CVE-2008-2992,7.8,0.98482,0.99916,Adobe Acrobat and Reader contain an input validation issue in a JavaScript method that could potentially lead to remote code execution.,Adobe,Acrobat and Reader
CVE-2004-0210,7.8,0.07214,0.93844,A privilege elevation vulnerability exists in the POSIX subsystem. This vulnerability could allow a logged on user to take complete control of the system.,Microsoft,Windows
CVE-2002-0367,7.8,0.04919,0.91468,"smss.exe debugging subsystem in Microsoft Windows does not properly authenticate programs that connect to other programs, which allows local users to gain administrator or SYSTEM privileges.",Microsoft,Windows
CVE-2017-8570,7.8,0.89889,0.99781,A remote code execution vulnerability exists in Microsoft Office software when it fails to properly handle objects in memory.,Microsoft,Office
CVE-2017-0222,8.8,0.29645,0.98054,A remote code execution vulnerability exists when Internet Explorer improperly accesses objects in memory.,Microsoft,Internet Explorer
CVE-2014-6352,7.8,0.77553,0.99523,Microsoft Windows allow remote attackers to execute arbitrary code via a crafted OLE object.,Microsoft,Windows
CVE-2018-8174,7.5,0.88508,0.99759,"A remote code execution vulnerability exists in the way that the VBScript engine handles objects in memory, aka ""Windows VBScript Engine Remote Code Execution""",Microsoft,Windows
CVE-2018-20250,7.8,0.96274,0.99874,WinRAR Absolute Path Traversal vulnerability leads to Remote Code Execution,RARLAB,WinRAR
CVE-2018-15982,7.8,0.82456,0.99638,Adobe Flash Player com.adobe.tvsdk.mediacore.metadata Use After Free Vulnerability,Adobe,Flash Player
CVE-2017-9841,9.8,0.99999,0.99994,"PHPUnit allows remote attackers to execute arbitrary PHP code via HTTP POST data beginning with a ""<?php "" substring, as demonstrated by an attack on a site with an exposed /vendor folder, i.e., external access to the /vendor/phpunit/phpunit/src/Util/PHP/eval-stdin.php URI.",PHPUnit,PHPUnit
CVE-2014-1761,7.8,0.7746,0.99521,Microsoft Word contains a memory corruption vulnerability which when exploited could allow for remote code execution.,Microsoft,Word
CVE-2013-3906,7.8,0.84971,0.99695,Microsoft Graphics Component contains a memory corruption vulnerability which can allow for remote code execution.,Microsoft,Graphics Component
CVE-2020-0796,10.0,0.9981,0.99957,A remote code execution vulnerability exists in the way that the Microsoft Server Message Block 3.1.1 (SMBv3) protocol handles certain requests. An attacker who successfully exploited the vulnerability could gain the ability to execute code on the target server or client.,Microsoft,SMBv3
CVE-2018-1000861,9.8,0.98326,0.99913,A code execution vulnerability exists in the Stapler web framework used by Jenkins,Jenkins,Jenkins Stapler Web Framework
CVE-2017-9791,9.8,0.98908,0.99924,The Struts 1 plugin in Apache Struts might allow remote code execution via a malicious field value passed in a raw message to the ActionMessage.,Apache,Struts 1
CVE-2017-8464,8.8,0.90026,0.99784,Windows Shell in multiple versions of Microsoft Windows allows local users or remote attackers to execute arbitrary code via a crafted .LNK file,Microsoft,Windows
CVE-2017-10271,7.5,0.99993,0.99987,Oracle Corporation WebLogic Server contains a vulnerability that allows for remote code execution.,Oracle,WebLogic Server
CVE-2017-0263,7.8,0.10034,0.9526,Microsoft Win32k contains a privilege escalation vulnerability due to the Windows kernel-mode driver failing to properly handle objects in memory.,Microsoft,Win32k
CVE-2017-0262,7.8,0.81005,0.996,A remote code execution vulnerability exists in Microsoft Office.,Microsoft,Office
CVE-2017-0145,8.8,0.8985,0.99779,The SMBv1 server in multiple Microsoft Windows versions allows remote attackers to execute arbitrary code via crafted packets.,Microsoft,SMBv1
CVE-2017-0144,8.8,0.9923,0.99933,The SMBv1 server in multiple Microsoft Windows versions allows remote attackers to execute arbitrary code via crafted packets.,Microsoft,SMBv1
CVE-2016-3088,9.8,0.98518,0.99917,The Fileserver web application in Apache ActiveMQ allows remote attackers to upload and execute arbitrary files via an HTTP PUT followed by an HTTP MOVE request,Apache,ActiveMQ
CVE-2014-4404,7.8,0.49049,0.98792,"Heap-based buffer overflow in IOHIDFamily in Apple OS X, which affects, iOS before 8 and Apple TV before 7, allows attackers to execute arbitrary code in a privileged context.",Apple,OS X
CVE-2020-5722,9.8,0.84406,0.9968,Grandstream UCM6200 series is vulnerable to an unauthenticated remote SQL injection via crafted HTTP request. Exploitation can allow for code execution as root.,Grandstream,UCM6200
CVE-2020-0787,7.8,0.42524,0.98602,Microsoft Windows BITS is vulnerable to to a privilege elevation vulnerability if it improperly handles symbolic links. An actor can exploit this vulnerability to execute arbitrary code with system-level privileges.,Microsoft,Windows
CVE-2017-5689,9.8,0.92189,0.99814,Intel products contain a vulnerability which can allow attackers to perform privilege escalation.,Intel,"Active Management Technology (AMT), Small Business Technology (SBT), and Standard Manageability"
CVE-2014-1776,9.8,0.88013,0.99752,Microsoft Internet Explorer contains a memory corruption vulnerability that allows remote attackers to execute code in the context of the current user.,Microsoft,Internet Explorer
CVE-2014-6271,9.8,0.99999,0.99993,"GNU Bash through 4.3 processes trailing strings after function definitions in the values of environment variables, which allows remote attackers to execute code.",GNU,Bourne-Again Shell (Bash)
CVE-2014-7169,9.8,0.9994,0.99971,"GNU Bash through 4.3 processes trailing strings after function definitions in the values of environment variables, which allows remote attackers to execute code. This CVE correctly remediates the vulnerability in CVE-2014-6271.",GNU,Bourne-Again Shell (Bash)
CVE-2006-1547,7.5,0.54635,0.9894,ActionForm in Apache Struts versions before 1.2.9 with BeanUtils 1.7 contains a vulnerability that allows for denial-of-service (DoS).,Apache,Struts 1
CVE-2012-0391,9.8,0.75599,0.99479,The ExceptionDelegator component in Apache Struts 2 before 2.2.3.1 contains an improper input validation vulnerability that allows for remote code execution.,Apache,Struts 2
CVE-2018-8453,7.8,0.70042,0.99324,Microsoft Windows Win32k contains a vulnerability that allows an attacker to escalate privileges.,Microsoft,Win32k
CVE-2020-14864,7.5,0.97233,0.99889,"Path traversal vulnerability, where an attacker can target the preview FilePath parameter of the getPreviewImage function to get access to arbitrary system file.",Oracle,Intelligence Enterprise Edition
CVE-2020-13671,8.8,0.3535,0.98326,Improper sanitization in the extension file names is present in Drupal core.,Drupal,Drupal core
CVE-2020-11978,8.8,0.99189,0.99931,A remote code/command injection vulnerability was discovered in one of the example DAGs shipped with Airflow.,Apache,Airflow
CVE-2020-13927,9.8,0.99778,0.99954,The previous default setting for Airflow's Experimental API was to allow all API requests without authentication.,Apache,Airflow's Experimental API
CVE-2020-6572,8.8,0.10586,0.95437,Google Chrome Media contains a use-after-free vulnerability that allows a remote attacker to execute code via a crafted HTML page.,Google,Chrome Media
CVE-2013-3900,5.5,0.44647,0.98672,A remote code execution vulnerability exists in the way that the WinVerifyTrust function handles Windows Authenticode signature verification for PE files.,Microsoft,WinVerifyTrust function
CVE-2018-13382,9.1,0.81691,0.99616,An Improper Authorization vulnerability in Fortinet FortiOS and FortiProxy under SSL VPN web portal allows an unauthenticated attacker to modify the password.,Fortinet,FortiOS and FortiProxy
CVE-2018-13383,4.3,0.33647,0.98259,A heap buffer overflow in Fortinet FortiOS and FortiProxy may cause the SSL VPN web service termination for logged in users.,Fortinet,FortiOS and FortiProxy
CVE-2017-1000486,9.8,0.94104,0.99839,Primetek Primefaces is vulnerable to a weak encryption flaw resulting in remote code execution,Primetek,Primefaces Application
CVE-2017-17562,8.1,0.96327,0.99876,Embedthis GoAhead before 3.6.5 allows remote code execution if CGI is enabled and a CGI program is dynamically linked.,Embedthis,GoAhead
CVE-2017-12149,9.8,0.90713,0.99794,"The JBoss Application Server, shipped with Red Hat Enterprise Application Platform 5.2, allows an attacker to execute arbitrary code via crafted serialized data.",Red Hat,JBoss Application Server
CVE-2010-1871,8.8,0.83397,0.99657,"JBoss Seam 2 (jboss-seam2), as used in JBoss Enterprise Application Platform 4.3.0 for Red Hat Linux, allows attackers to perform remote code execution. This vulnerability can only be exploited when the Java Security Manager is not properly configured.",Red Hat,JBoss Seam 2
CVE-2020-17463,9.8,0.89689,0.99776,"FUEL CMS 1.4.7 allows SQL Injection via the col parameter to /pages/items, /permissions/items, or /navigation/items.",Fuel CMS,Fuel CMS
CVE-2020-8816,7.2,0.7819,0.99541,Pi-hole Web v4.3.2 (aka AdminLTE) allows Remote Code Execution by privileged dashboard users via a crafted DHCP static lease.,Pi-hole,AdminLTE
CVE-2020-11261,7.8,0.01772,0.76488,"Memory corruption due to improper check to return error when user application requests memory allocation of a huge size in Snapdragon Auto, Snapdragon Compute, Snapdragon Connectivity, Snapdragon Consumer IOT, Snapdragon Industrial IOT, Snapdragon Mobile, Snapdragon Voice & Music, Snapdragon Wearables",Qualcomm,"Snapdragon Auto, Snapdragon Compute, Snapdragon Connectivity, Snapdragon Consumer IOT, Snapdragon Industrial IOT, Snapdragon Mobile, Snapdragon Voice & Music, Snapdragon Wearables"
CVE-2018-14847,9.1,0.96087,0.99872,MikroTik RouterOS through 6.42 allows unauthenticated remote attackers to read arbitrary files and remote authenticated attackers to write arbitrary files due to a directory traversal vulnerability in the WinBox interface.,MikroTik,RouterOS
CVE-2018-4939,9.8,0.62913,0.99133,Adobe ColdFusion contains a deserialization of untrusted data vulnerability that could allow for code execution.,Adobe,ColdFusion
CVE-2018-15961,9.8,0.9995,0.99973,Adobe ColdFusion contains an unrestricted file upload vulnerability that could allow for code execution.,Adobe,ColdFusion
CVE-2018-4878,7.8,0.89532,0.99774,Adobe Flash Player contains a use-after-free vulnerability that could allow for code execution.,Adobe,Flash Player
CVE-2020-5735,8.8,0.36217,0.98358,"Amcrest cameras and NVR contain a stack-based buffer overflow vulnerability through port 37777 that allows an unauthenticated, remote attacker to crash the device and possibly execute code.",Amcrest,Cameras and Network Video Recorder (NVR)
CVE-2020-0041,7.8,0.03246,0.87387,"Android Kernel binder_transaction of binder.c contains an out-of-bounds write vulnerability due to an incorrect bounds check that could allow for local privilege escalation. This vulnerability was observed chained with CVE-2019-2215 and CVE-2020-0069 under exploit chain ""AbstractEmu.""",Android,Android Kernel
CVE-2020-0069,7.8,0.0137,0.6988,"Multiple MediaTek chipsets contain an insufficient input validation vulnerability and have missing SELinux restrictions in the Command Queue drivers ioctl handlers. This causes an out-of-bounds write leading to privilege escalation. This vulnerability was observed chained with CVE-2019-2215 and CVE-2020-0041 under exploit chain ""AbstractEmu.""",MediaTek,Multiple Chipsets
CVE-2017-9805,8.1,0.99396,0.99937,"Apache Struts REST Plugin uses an XStreamHandler with an instance of XStream for deserialization without any type filtering, which can lead to remote code execution when deserializing XML payloads.",Apache,Struts
CVE-2016-4437,9.8,0.93039,0.99824,"Apache Shiro contains a vulnerability which may allow remote attackers to execute code or bypass intended access restrictions via an unspecified request parameter when a cipher key has not been configured for the ""remember me"" feature.",Apache,Shiro
CVE-2020-17530,9.8,0.95931,0.99869,"Forced Object-Graph Navigation Language (OGNL) evaluation in Apache Struts, when evaluated on raw user input in tag attributes, can lead to remote code execution.",Apache,Struts
CVE-2017-5638,9.8,0.99999,0.99994,"Apache Struts Jakarta Multipart parser allows for malicious file upload using the Content-Type value, leading to remote code execution.",Apache,Struts
CVE-2018-11776,8.1,0.99991,0.99986,"Apache Struts contains a vulnerability that allows for remote code execution under two circumstances. One, where the alwaysSelectFullNamespace option is true and the value isn't set for a result defined in underlying configurations and in same time, its upper package configuration have no or wildcard namespace.  Or, using URL tag which doesn't have value and action set and in same time, its upper package configuration have no or wildcard namespace.",Apache,Struts
CVE-2020-27930,7.8,0.22009,0.97479,"Apple iOS, iPadOS, macOS, and watchOS FontParser contain a memory corruption vulnerability which may allow for code execution when processing maliciously crafted front.",Apple,Multiple Products
CVE-2020-27950,5.5,0.16354,0.96723,"Apple iOS, iPadOS, macOS, and watchOS contain a memory initialization vulnerability that may allow a malicious application to disclose kernel memory.",Apple,Multiple Products
CVE-2020-27932,7.8,0.10231,0.95322,"Apple iOS, iPadOS, macOS, and watchOS contain a type confusion vulnerability that may allow a malicious application to execute code with kernel privileges.",Apple,Multiple Products
CVE-2020-9818,8.8,0.02286,0.81902,"Apple iOS, iPadOS, and watchOS Mail contains an out-of-bounds write vulnerability which may allow memory modification or application termination when processing a maliciously crafted mail message.",Apple,"iOS, iPadOS, and watchOS"
CVE-2020-9819,4.3,0.02178,0.81002,"Apple iOS, iPadOS, and watchOS Mail contains a memory corruption vulnerability that may allow heap corruption when processing a maliciously crafted mail message.",Apple,"iOS, iPadOS, and watchOS"
CVE-2020-9859,7.8,0.00829,0.54864,"Apple iOS, iPadOS, macOS, watchOS, and tvOS contain an unspecified vulnerability that may allow an application to execute code with kernel privileges.",Apple,Multiple Products
CVE-2020-3452,7.5,0.99992,0.99987,Cisco Adaptive Security Appliance (ASA) and Firepower Threat Defense (FTD) contain an improper input validation vulnerability when HTTP requests process URLs.  An attacker could exploit this vulnerability by sending a crafted HTTP request containing directory traversal character sequences to an affected device. A successful exploit could allow the attacker to view arbitrary files within the web services file system on the targeted device.,Cisco,Adaptive Security Appliance (ASA) and Firepower Threat Defense (FTD)
CVE-2020-3580,6.1,0.85575,0.99705,Cisco Adaptive Security Appliance (ASA) and Firepower Threat Defense (FTD) contain an insufficient input validation vulnerability for user-supplied input by the web services interface.  Successful exploitation could allow an attacker to perform cross-site scripting (XSS) in the context of the interface or access sensitive browser-based information.,Cisco,Adaptive Security Appliance (ASA) and Firepower Threat Defense (FTD)
CVE-2018-0171,9.8,0.9949,0.99941,"Cisco IOS and IOS XE Software improperly validates packet data, allowing an unauthenticated, remote attacker to trigger a reload of an affected device, cause a denial-of-service (DoS) condition, or perform code execution on the affected device.",Cisco,IOS and IOS XE
CVE-2020-3118,8.8,0.11685,0.95739,"Cisco IOS XR improperly validates string input from certain fields in Cisco Discovery Protocol messages. Exploitation could allow an unauthenticated, adjacent attacker to execute code with administrative privileges or cause a reload on an affected device.",Cisco,IOS XR
CVE-2020-3566,8.6,0.03702,0.88912,"Cisco IOS XR Distance Vector Multicast Routing Protocol (DVMRP) incorrectly handles Internet Group Management Protocol (IGMP) packets. Exploitation could allow an unauthenticated, remote attacker to immediately crash the IGMP process or make it consume available memory and eventually crash.",Cisco,IOS XR
CVE-2020-3569,8.6,0.0332,0.87676,"Cisco IOS XR Distance Vector Multicast Routing Protocol (DVMRP) incorrectly handles Internet Group Management Protocol (IGMP) packets. Exploitation could allow an unauthenticated, remote attacker to immediately crash the IGMP process or make it consume available memory and eventually crash.",Cisco,IOS XR
CVE-2020-3161,9.8,0.83855,0.9967,Cisco IP Phones contain an improper input validation vulnerability for HTTP requests. Exploitation could allow an attacker to execute code remotely with root privileges or cause a denial-of-service (DoS) condition.,Cisco,Cisco IP Phones
CVE-2018-0296,7.5,0.99913,0.99966,Cisco Adaptive Security Appliance (ASA) contains an improper input validation vulnerability with HTTP URLs. Exploitation could allow an attacker to cause a denial-of-service (DoS) condition or information disclosure.,Cisco,Adaptive Security Appliance (ASA)
CVE-2020-8193,6.5,0.88411,0.99758,"Citrix ADC, Citrix Gateway, and multiple Citrix SD-WAN WANOP appliance models contain an authorization bypass vulnerability that may allow unauthenticated access to certain URL endpoints. The attacker must have access to the NetScaler IP (NSIP) in order to perform exploitation.",Citrix,"Application Delivery Controller (ADC), Gateway, and SD-WAN WANOP Appliance"
CVE-2020-8195,6.5,0.33263,0.98241,"Citrix ADC, Citrix Gateway, and multiple Citrix SD-WAN WANOP appliance models contain an information disclosure vulnerability.",Citrix,"Application Delivery Controller (ADC), Gateway, and SD-WAN WANOP Appliance"
CVE-2020-8196,4.3,0.26333,0.97847,"Citrix ADC, Citrix Gateway, and multiple Citrix SD-WAN WANOP appliance models contain an information disclosure vulnerability.",Citrix,"Application Delivery Controller (ADC), Gateway, and SD-WAN WANOP Appliance"
CVE-2020-29557,9.8,0.5432,0.98931,D-Link DIR-825 R1 devices contain a buffer overflow vulnerability in the web interface that may allow for remote code execution.,D-Link,DIR-825 R1 Devices
CVE-2020-25506,9.8,0.99968,0.99976,D-Link DNS-320 device contains a command injection vulnerability in the sytem_mgr.cgi component that may allow for remote code execution.,D-Link,DNS-320 Device
CVE-2018-15811,7.5,0.74048,0.99443,DotNetNuke (DNN) contains an inadequate encryption strength vulnerability resulting from the use of a weak encryption algorithm to protect input parameters.,DotNetNuke (DNN),DotNetNuke (DNN)
CVE-2018-18325,7.5,0.74048,0.99443,DotNetNuke (DNN) contains an inadequate encryption strength vulnerability resulting from the use of a weak encryption algorithm to protect input parameters. This CVE ID resolves an incomplete patch for CVE-2018-15811.,DotNetNuke (DNN),DotNetNuke (DNN)
CVE-2017-9822,8.8,0.94789,0.99852,DotNetNuke (DNN) contains a vulnerability that may allow for remote code execution via cookie deserialization.,DotNetNuke (DNN),DotNetNuke (DNN)
CVE-2020-8515,9.8,0.99993,0.99987,"DrayTek Vigor3900, Vigor2960, and Vigor300B routers contain an unspecified vulnerability that allows for remote code execution.",DrayTek,Multiple Vigor Routers
CVE-2018-7600,9.8,0.99991,0.99985,"Drupal Core contains a remote code execution vulnerability that could allow an attacker to exploit multiple attack vectors on a Drupal site, resulting in complete site compromise.",Drupal,Drupal Core
CVE-2018-6789,9.8,0.82137,0.99629,Exim contains a buffer overflow vulnerability in the base64d function part of the SMTP listener that may allow for remote code execution.,Exim,Exim
CVE-2020-8657,9.8,0.91874,0.99808,"EyesOfNetwork contains a use of hard-coded credentials vulnerability, as it uses the same API key by default. Exploitation allows an attacker to calculate or guess the admin access token.",EyesOfNetwork,EyesOfNetwork
CVE-2020-8655,7.8,0.60075,0.99062,EyesOfNetwork contains an improper privilege management vulnerability that may allow a user to run commands as root via a crafted Nmap Scripting Engine (NSE) script to nmap7.,EyesOfNetwork,EyesOfNetwork
CVE-2020-5902,9.8,0.99999,1.0,F5 BIG-IP Traffic Management User Interface (TMUI) contains a remote code execution vulnerability in undisclosed pages.,F5,BIG-IP
CVE-2020-12812,9.8,0.49344,0.98799,Fortinet FortiOS SSL VPN contains an improper authentication vulnerability that may allow a user to login successfully without being prompted for the second factor of authentication (FortiToken) if they change the case in their username.,Fortinet,FortiOS
CVE-2018-13379,9.1,0.99999,0.99994,Fortinet FortiOS SSL VPN web portal contains a path traversal vulnerability that may allow an unauthenticated attacker to download FortiOS system files through specially crafted HTTP resource requests.,Fortinet,FortiOS
CVE-2020-16010,9.6,0.06414,0.9317,"Google Chrome for Android UI contains a heap buffer overflow vulnerability that allows a remote attacker, who has compromised the renderer process, to potentially perform a sandbox escape via a crafted HTML page.",Google,Chrome for Android UI
CVE-2020-15999,9.6,0.44303,0.98661,"Google Chrome uses FreeType, an open-source software library to render fonts, which contains a heap buffer overflow vulnerability in the function Load_SBit_Png when processing PNG images embedded into fonts. This vulnerability is part of an exploit chain with CVE-2020-17087 on Windows and CVE-2020-16010 on Android.",Google,Chrome FreeType
CVE-2020-16017,9.6,0.02747,0.85097,"Google Chrome contains a use-after-free vulnerability that allows a remote attacker, who has compromised the renderer process, to potentially perform a sandbox escape via a crafted HTML page.  ",Google,Chrome
CVE-2020-16009,8.8,0.48293,0.98771,"Google Chromium V8 Engine contains a type confusion vulnerability that allows a remote attacker to potentially exploit heap corruption via a crafted HTML page. This vulnerability could affect multiple web browsers that utilize Chromium, including, but not limited to, Google Chrome, Microsoft Edge, and Opera.",Google,Chromium V8
CVE-2020-16013,8.8,0.02751,0.85113,"Google Chromium V8 Engine contains an inappropriate implementation vulnerability that allows a remote attacker to potentially exploit heap corruption via a crafted HTML page. This vulnerability could affect multiple web browsers that utilize Chromium, including, but not limited to, Google Chrome, Microsoft Edge, and Opera.",Google,Chromium V8
CVE-2020-6418,8.8,0.78808,0.99558,"Google Chromium V8 Engine contains a type confusion vulnerability allows a remote attacker to potentially exploit heap corruption via a crafted HTML page. This vulnerability could affect multiple web browsers that utilize Chromium, including, but not limited to, Google Chrome, Microsoft Edge, and Opera.",Google,Chromium V8
CVE-2020-4430,4.3,0.68544,0.99281,IBM Data Risk Manager contains a directory traversal vulnerability that could allow a remote authenticated attacker to traverse directories and send a specially crafted URL request to download arbitrary files from the system.,IBM,Data Risk Manager
CVE-2020-4427,9.8,0.70031,0.99323,"IBM Data Risk Manager contains a security bypass vulnerability that could allow a remote attacker to bypass security restrictions when configured with SAML authentication. By sending a specially crafted HTTP request, an attacker could exploit this vulnerability to bypass the authentication process and gain full administrative access to the system.",IBM,Data Risk Manager
CVE-2020-4428,9.1,0.61692,0.99105,"IBM Data Risk Manager contains an unspecified vulnerability which could allow a remote, authenticated attacker to execute commands on the system.�",IBM,Data Risk Manager
CVE-2016-3715,5.5,0.75383,0.99476,"ImageMagick contains an unspecified vulnerability that could allow users to delete files by using ImageMagick's 'ephemeral' pseudo protocol, which deletes files after reading.",ImageMagick,ImageMagick
CVE-2016-3718,5.5,0.76897,0.99509,ImageMagick contains an unspecified vulnerability that allows attackers to perform server-side request forgery (SSRF) via a crafted image.,ImageMagick,ImageMagick
CVE-2020-15505,9.8,0.99737,0.99952,"Ivanti MobileIron's Core & Connector, Sentry, and Monitor and Reporting Database (RDB) products contain an unspecified vulnerability that allows for remote code execution.",Ivanti,MobileIron Multiple Products
CVE-2020-7961,9.8,0.99905,0.99964,Liferay Portal contains a deserialization of untrusted data vulnerability that allows remote attackers to execute code via JSON web services.,Liferay,Liferay Portal
CVE-2014-1812,8.8,0.65117,0.99191,Microsoft Windows Active Directory contains a privilege escalation vulnerability due to the way it distributes passwords that are configured using Group Policy preferences. An authenticated attacker who successfully exploits the vulnerability could decrypt the passwords and use them to elevate privileges on the domain.,Microsoft,Windows
CVE-2016-0167,7.8,0.05729,0.92482,Microsoft Win32k contains an unspecified vulnerability that allows for privilege escalation via a crafted application,Microsoft,Win32k
CVE-2020-0878,4.2,0.02696,0.84799,Microsoft Edge and Internet Explorer contain a memory corruption vulnerability that allows attackers to execute code in the context of the current user.,Microsoft,Edge and Internet Explorer
CVE-2016-0185,7.8,0.6994,0.99321,Microsoft Windows Media Center contains a remote code execution vulnerability when Windows Media Center opens a specially crafted Media Center link (.mcl) file that references malicious code.,Microsoft,Windows
CVE-2020-0683,7.8,0.07667,0.94134,"Microsoft Windows Installer contains a privilege escalation vulnerability when MSI packages process symbolic links, which allows attackers to bypass access restrictions to add or remove files.",Microsoft,Windows
CVE-2020-17087,7.8,0.05431,0.9212,Microsoft Windows kernel contains an unspecified vulnerability that allows for privilege escalation.,Microsoft,Windows
CVE-2020-0938,7.8,0.69166,0.99301,"Microsoft Windows Adobe Font Manager Library contains an unspecified vulnerability when handling specially crafted multi-master fonts (Adobe Type 1 PostScript format) that allows for remote code execution for all systems except Windows 10. For systems running Windows 10, an attacker who successfully exploited the vulnerability could execute code in an AppContainer sandbox context with limited privileges and capabilities.",Microsoft,Windows
CVE-2020-17144,8.4,0.36514,0.98375,Microsoft Exchange Server improperly validates cmdlet arguments which allow an attacker to perform remote code execution.,Microsoft,Exchange Server
CVE-2020-0986,7.8,0.15932,0.96647,Microsoft Windows kernel contains an unspecified vulnerability when handling objects in memory that allows attackers to escalate privileges and execute code in kernel mode.,Microsoft,Windows
CVE-2020-1020,8.8,0.65037,0.99189,"Microsoft Windows Adobe Font Manager Library contains an unspecified vulnerability when handling specially crafted multi-master fonts (Adobe Type 1 PostScript format) that allows for remote code execution for all systems except Windows 10. For systems running Windows 10, an attacker who successfully exploited the vulnerability could execute code in an AppContainer sandbox context with limited privileges and capabilities.",Microsoft,Windows
CVE-2017-7269,9.8,0.99823,0.99957,"Microsoft Windows Server 2003 R2 contains a buffer overflow vulnerability in Internet Information Services (IIS) 6.0 which allows remote attackers to execute code via a long header beginning with ""If: <http://"" in a PROPFIND request.",Microsoft,Internet Information Services (IIS)
CVE-2020-0688,8.8,0.99965,0.99976,"Microsoft Exchange Server Validation Key fails to properly create unique keys at install time, allowing for remote code execution.",Microsoft,Exchange Server
CVE-2017-0143,8.8,0.93307,0.99829,Microsoft Windows Server Message Block 1.0 (SMBv1) contains an unspecified vulnerability that allows for remote code execution.,Microsoft,Windows
CVE-2016-7255,7.8,0.80968,0.99599,Microsoft Win32k kernel-mode driver fails to properly handle objects in memory which allows for privilege escalation. Successful exploitation allows an attacker to run code in kernel mode.,Microsoft,Win32k
CVE-2020-1464,7.8,0.41131,0.98558,"Microsoft Windows contains a spoofing vulnerability when Windows incorrectly validates file signatures, allowing an attacker to bypass security features and load improperly signed files.",Microsoft,Windows
CVE-2020-1040,9.0,0.06903,0.93583,Microsoft Hyper-V RemoteFX vGPU contains an improper input validation vulnerability due to the host server failing to properly validate input from an authenticated user on a guest operating system. Successful exploitation allows for remote code execution on the host operating system.,Microsoft,Hyper-V RemoteFX
CVE-2020-1350,10.0,0.91353,0.99802,"Microsoft Windows DNS Servers fail to properly handle requests, allowing an attacker to perform remote code execution in the context of the Local System Account. The vulnerability is also known under the moniker of SIGRed.",Microsoft,Windows
CVE-2017-8759,7.8,0.88698,0.99762,Microsoft .NET Framework contains a remote code execution vulnerability when processing untrusted input that could allow an attacker to take control of an affected system.,Microsoft,.NET Framework
CVE-2018-8653,7.5,0.29822,0.98061,"Microsoft Internet Explorer contains a memory corruption vulnerability due to how the Scripting Engine handles objects in memory, leading to remote code execution.",Microsoft,Internet Explorer
CVE-2018-0798,8.8,0.95121,0.99856,Microsoft Office contains a memory corruption vulnerability due to the way objects are handled in memory. Successful exploitation allows for remote code execution in the context of the current user. This vulnerability is known to be chained with CVE-2018-0802.,Microsoft,Office
CVE-2018-0802,7.8,0.93289,0.99828,Microsoft Office contains a memory corruption vulnerability due to the way objects are handled in memory. Successful exploitation allows for remote code execution in the context of the current user. This vulnerability is known to be chained with CVE-2018-0798.,Microsoft,Office
CVE-2012-0158,8.8,0.99976,0.99978,"Microsoft MSCOMCTL.OCX contains an unspecified vulnerability that allows for remote code execution, allowing an attacker to take complete control of an affected system under the context of the current user.",Microsoft,MSCOMCTL.OCX
CVE-2017-11882,7.8,0.99945,0.99972,Microsoft Office contains a memory corruption vulnerability that allows remote code execution in the context of the current user.,Microsoft,Office
CVE-2020-0674,7.5,0.86863,0.9973,Microsoft Internet Explorer contains a memory corruption vulnerability due to the way the Scripting Engine handles objects in memory. Successful exploitation could allow remote code execution in the context of the current user.,Microsoft,Internet Explorer
CVE-2017-0199,7.8,0.99933,0.99969,Microsoft Office and WordPad contain an unspecified vulnerability due to the way the applications parse specially crafted files. Successful exploitation allows for remote code execution.,Microsoft,Office and WordPad
CVE-2020-1380,7.8,0.24188,0.97681,Microsoft Internet Explorer contains a memory corruption vulnerability which can allow for remote code execution in the context of the current user.,Microsoft,Internet Explorer
CVE-2017-11774,7.8,0.59893,0.99062,Microsoft Office Outlook contains a security feature bypass vulnerability due to improperly handling objects in memory. Successful exploitation allows an attacker to execute commands.,Microsoft,Office
CVE-2020-0968,7.5,0.30018,0.98071,"Microsoft Internet Explorer contains a memory corruption vulnerability due to how the Scripting Engine handles objects in memory, leading to remote code execution.",Microsoft,Internet Explorer
CVE-2020-1472,5.5,0.99512,0.99942,Microsoft's Netlogon Remote Protocol (MS-NRPC) contains a privilege escalation vulnerability when an attacker establishes a vulnerable Netlogon secure channel connection to a domain controller. An attacker who successfully exploits the vulnerability could run a specially crafted application on a device on the network. The vulnerability is also known under the moniker of Zerologon.,Microsoft,Netlogon
CVE-2020-1054,7.0,0.54158,0.98928,Microsoft Win32k contains a privilege escalation vulnerability when the Windows kernel-mode driver fails to properly handle objects in memory. Successful exploitation allows an attacker to execute code in kernel mode.,Microsoft,Win32k
CVE-2020-0601,8.1,0.89436,0.99773,"Microsoft Windows CryptoAPI (Crypt32.dll) contains a spoofing vulnerability in the way it validates Elliptic Curve Cryptography (ECC) certificates. An attacker could exploit the vulnerability by using a spoofed code-signing certificate to sign a malicious executable, making it appear the file was from a trusted, legitimate source. A successful exploit could also allow the attacker to conduct man-in-the-middle attacks and decrypt confidential information on user connections to the affected software. The vulnerability is also known under the moniker of CurveBall.",Microsoft,Windows
CVE-2020-0646,9.8,0.99222,0.99933,Microsoft .NET Framework contains an improper input validation vulnerability that allows for remote code execution.,Microsoft,.NET Framework
CVE-2020-1147,7.8,0.94347,0.99843,"Microsoft .NET Framework, Microsoft SharePoint, and Visual Studio contain a remote code execution vulnerability when the software fails to check the source markup of XML file input. Successful exploitation allows an attacker to execute code in the context of the process responsible for deserialization of the XML content.",Microsoft,".NET Framework, SharePoint, Visual Studio"
CVE-2016-3235,7.8,0.43431,0.98638,Microsoft Office Object Linking & Embedding (OLE) dynamic link library (DLL) contains a side loading vulnerability due to it improperly validating input before loading libraries. Successful exploitation allows for remote code execution.,Microsoft,Office
CVE-2020-6819,8.1,0.02978,0.86259,"Mozilla Firefox and Thunderbird contain a race condition vulnerability when running the nsDocShell destructor under certain conditions. The race condition creates a use-after-free vulnerability, causing unspecified impacts.",Mozilla,Firefox and Thunderbird
CVE-2020-6820,8.1,0.06305,0.93079,"Mozilla Firefox and Thunderbird contain a race condition vulnerability when handling a ReadableStream under certain conditions. The race condition creates a use-after-free vulnerability, causing unspecified impacts.",Mozilla,Firefox and Thunderbird
CVE-2020-26919,9.8,0.57195,0.98999,Netgear JGS516PE devices contain a missing function level access control vulnerability.,NETGEAR,JGS516PE Devices
CVE-2020-2555,9.8,0.97116,0.99888,"Multiple Oracle products contain a remote code execution vulnerability that allows an unauthenticated attacker with network access via T3 or HTTP to takeover the affected system. Impacted Oracle products: Oracle Coherence in Fusion Middleware, Oracle Utilities Framework, Oracle Retail Assortment Planning, Oracle Commerce, Oracle Communications Diameter Signaling Router (DSR).",Oracle,Multiple Products
CVE-2012-3152,9.1,0.98793,0.99923,Oracle Fusion Middleware Reports Developer contains an unspecified vulnerability that allows remote attackers to affect confidentiality and integrity of affected systems.,Oracle,Fusion Middleware
CVE-2020-14871,10.0,0.79842,0.99578,"Oracle Solaris and Oracle ZFS Storage Appliance Kit contain an unspecified vulnerability causing high impacts to confidentiality, integrity, and availability of affected systems.",Oracle,Solaris and Zettabyte File System (ZFS)
CVE-2020-14750,9.8,0.9927,0.99934,Oracle WebLogic Server contains an unspecified vulnerability allowing an unauthenticated attacker to perform remote code execution. This vulnerability is related to CVE-2020-14882.,Oracle,WebLogic Server
CVE-2020-14882,9.8,0.99997,0.9999,"Oracle WebLogic Server contains an unspecified vulnerability, which is assessed to allow for remote code execution, based on this vulnerability being related to CVE-2020-14750.",Oracle,WebLogic Server
CVE-2020-14883,7.2,0.97929,0.99905,"Oracle WebLogic Server contains an unspecified vulnerability in the Console component with high impacts to confidentilaity, integrity, and availability.",Oracle,WebLogic Server
CVE-2020-8644,9.8,0.86689,0.99726,PlaySMS contains a server-side template injection vulnerability that allows for remote code execution.,PlaySMS,PlaySMS
CVE-2020-8243,7.2,0.90759,0.99795,Ivanti Pulse Connect Secure contains an unspecified vulnerability in the admin web interface that could allow an authenticated attacker to upload a custom template to perform code execution.,Ivanti,Pulse Connect Secure
CVE-2020-8260,7.2,0.9648,0.99876,Pulse Connect Secure contains an unspecified vulnerability that allows an authenticated attacker to perform code execution using uncontrolled gzip extraction.,Ivanti,Pulse Connect Secure
CVE-2020-10221,8.8,0.80221,0.99586,rConfig lib/ajaxHandlers/ajaxAddTemplate.php contains an OS command injection vulnerability that allows remote attackers to execute OS commands via shell metacharacters in the fileName POST parameter.,rConfig,rConfig
CVE-2017-16651,7.8,0.36919,0.98395,"Roundcube Webmail contains a file disclosure vulnerability caused by insufficient input validation in conjunction with file-based attachment plugins, which are used by default.",Roundcube,Roundcube Webmail
CVE-2020-11652,6.5,0.86178,0.99716,SaltStack Salt contains a path traversal vulnerability in the salt-master process ClearFuncs which allows directory access to authenticated users. Salt users who follow fundamental internet security guidelines and best practices are not affected by this vulnerability.,SaltStack,Salt
CVE-2020-11651,9.8,0.96614,0.99879,"SaltStack Salt contains an authentication bypass vulnerability in the salt-master process ClearFuncs due to improperly validating method calls. The vulnerability allows a remote user to access some methods without authentication, which can be used to retrieve user tokens from the salt master and/or run commands on salt minions. Salt users who follow fundamental internet security guidelines and best practices are not affected by this vulnerability.",SaltStack,Salt
CVE-2020-16846,9.8,0.99585,0.99944,SaltStack Salt allows an unauthenticated user with network access to the Salt API to use shell injections to run code on the Salt API using the SSH client. This vulnerability affects any users running the Salt API.,SaltStack,Salt
CVE-2018-2380,6.6,0.28934,0.98012,SAP Customer Relationship Management (CRM) contains a path traversal vulnerability that allows an attacker to exploit insufficient validation of path information provided by users.,SAP,Customer Relationship Management (CRM)
CVE-2010-5326,10.0,0.1745,0.96896,"SAP NetWeaver Application Server Java Platforms Invoker Servlet does not require authentication, allowing for remote code execution via a HTTP or HTTPS request.",SAP,NetWeaver
CVE-2016-9563,6.5,0.23805,0.97649,"SAP NetWeaver Application Server Java Platforms contains an unspecified vulnerability in BC-BMT-BPM-DSK which allows remote, authenticated users to conduct XML External Entity (XXE) attacks.",SAP,NetWeaver
CVE-2020-6287,10.0,0.94719,0.9985,SAP NetWeaver Application Server Java Platforms contains a missing authentication for critical function vulnerability allowing unauthenticated access to execute configuration tasks and create administrative users.,SAP,NetWeaver
CVE-2020-6207,9.8,0.98266,0.99911,SAP Solution Manager User Experience Monitoring contains a missing authentication for critical function vulnerability which results in complete compromise of all SMDAgents connected to the Solution Manager.,SAP,Solution Manager
CVE-2016-3976,7.5,0.46605,0.98731,SAP NetWeaver Application Server Java Platforms contains a directory traversal vulnerability via a ..\ (dot dot backslash) in the fileName parameter to CrashFileDownloadServlet. This allows remote attackers to read files.,SAP,NetWeaver
CVE-2020-10148,9.8,0.9198,0.9981,SolarWinds Orion API contains an authentication bypass vulnerability that could allow a remote attacker to execute API commands.,SolarWinds,Orion
CVE-2016-3643,7.8,0.03704,0.88917,SolarWinds Virtualization Manager allows for privilege escalation through leveraging a misconfiguration of sudo.,SolarWinds,Virtualization Manager
CVE-2020-10199,8.8,0.99064,0.99929,Sonatype Nexus Repository contains an unspecified vulnerability that allows for remote code execution.,Sonatype,Nexus Repository
CVE-2020-12271,9.8,0.42434,0.986,"Sophos Firewall operating system (SFOS) firmware contains a SQL injection vulnerability when configured with either the administration (HTTPS) service or the User Portal is exposed on the WAN zone. Successful exploitation may cause remote code execution to exfiltrate usernames and hashed passwords for the local device admin(s), portal admins, and user accounts used for remote access (but not external Active Directory or LDAP passwords).",Sophos,SFOS
CVE-2020-10181,9.8,0.14666,0.96399,Sumavision Enhanced Multimedia Router (EMR) contains a cross-site request forgery (CSRF) vulnerability allowing the creation of users with elevated privileges as administrator on a device.,Sumavision,Enhanced Multimedia Router (EMR)
CVE-2017-6327,8.8,0.35341,0.98326,"Symantec Messaging Gateway contains an unspecified vulnerability which can allow for remote code execution. With the ability to perform remote code execution, an attacker may also desire to perform privilege escalating actions.",Symantec,Symantec Messaging Gateway
CVE-2017-9248,9.8,0.75098,0.9947,"Progress Telerik UI for ASP.NET AJAX and Sitefinity have a cryptographic weakness in Telerik.Web.UI.dll that can be exploited to disclose encryption keys (Telerik.Web.UI.DialogParametersEncryptionKey and/or the MachineKey), perform cross-site-scripting (XSS) attacks, compromise the ASP.NET ViewState, and/or upload and download files.",Progress,ASP.NET AJAX and Sitefinity
CVE-2020-10987,9.8,0.7981,0.99577,Tenda AC1900 Router AC15 Model contains an unspecified vulnerability that allows remote attackers to execute system commands via the deviceName POST parameter.,Tenda,AC1900 Router AC15 Model
CVE-2018-14558,9.8,0.08672,0.94717,"Tenda AC7, AC9, and AC10 devices contain a command injection vulnerability due to  the ""formsetUsbUnload"" function executes a dosystemCmd function with untrusted input. Successful exploitation allows an attacker to execute OS commands via a crafted goform/setUsbUnload request.",Tenda,"AC7, AC9, and AC10 Routers"
CVE-2018-20062,9.8,0.9953,0.99943,"ThinkPHP ""noneCms"" contains an unspecified vulnerability that allows for remote code execution through crafted use of the filter parameter.",ThinkPHP,noneCms
CVE-2020-8467,8.8,0.10793,0.95504,Trend Micro Apex One and OfficeScan contain an unspecified vulnerability within a migration tool component that allows for remote code execution.,Trend Micro,Apex One and OfficeScan
CVE-2020-8468,8.8,0.05754,0.92508,"Trend Micro Apex One, OfficeScan, and Worry-Free Business Security agents contain a content validation escape vulnerability that could allow an attacker to manipulate certain agent client components.",Trend Micro,"Apex One, OfficeScan and Worry-Free Business Security Agents"
CVE-2020-24557,7.8,0.02639,0.84443,"Trend Micro Apex One, OfficeScan, and Worry-Free Business Security on Microsoft Windows contain an improper access control vulnerability that may allow an attacker to manipulate a particular product folder to disable the security temporarily, abuse a specific Windows function, and attain privilege escalation.",Trend Micro,"Apex One, OfficeScan, and Worry-Free Business Security"
CVE-2020-8599,9.8,0.11858,0.95781,Trend Micro Apex One and OfficeScan server contain a vulnerable EXE file that could allow a remote attacker to write data to a path on affected installations and bypass root login.,Trend Micro,Apex One and OfficeScan
CVE-2020-5849,7.5,0.93243,0.99827,Unraid contains an authentication bypass vulnerability that allows attackers to gain access to the administrative interface. This CVE is chainable with CVE-2020-5847 for remote code execution.,Unraid,Unraid
CVE-2020-5847,9.8,0.95844,0.99868,Unraid contains a vulnerability due to the insecure use of the extract PHP function that can be abused to execute remote code as root. This CVE is chainable with CVE-2020-5849 for initial access.,Unraid,Unraid
CVE-2020-17496,9.8,0.8774,0.99747,The PHP module within vBulletin contains an unspecified vulnerability that allows for remote code execution via crafted subWidgets data in an ajax/render/widget_tabbedcontainer_tab_panel request. This CVE ID resolves an incomplete patch for CVE-2019-16759.,vBulletin,vBulletin
CVE-2020-3992,9.8,0.83015,0.9965,VMware ESXi OpenSLP contains a use-after-free vulnerability that allows an attacker residing in the management network with access to port 427 to perform remote code execution.,VMware,ESXi
CVE-2020-3950,7.8,0.07254,0.93871,"VMware Fusion, Remote Console (VMRC) for Mac, and Horizon Client for Mac contain a privilege escalation vulnerability due to improper use of setuid binaries that allows attackers to escalate privileges to root.",VMware,Multiple Products
CVE-2020-3952,9.8,0.90384,0.99789,VMware vCenter Server contains an information disclosure vulnerability in the VMware Directory Service (vmdir) when the Platform Services Controller (PSC) does not correctly implement access controls. Successful exploitation allows an attacker with network access to port 389 to extract sensitive information.,VMware,vCenter Server
CVE-2020-4006,9.1,0.17302,0.96875,"VMware Workspace One Access, Access Connector, Identity Manager, and Identity Manager Connector contain a command injection vulnerability. An attacker with network access to the administrative configurator on port 8443 and a valid password for the configurator administrator account can execute commands with unrestricted privileges on the underlying operating system.",VMware,Multiple Products
CVE-2020-25213,10.0,0.97328,0.99891,WordPress File Manager plugin contains a remote code execution vulnerability that allows unauthenticated users to execute PHP code and upload malicious files on a target site.,WordPress,File Manager Plugin
CVE-2020-11738,7.5,0.97822,0.99901,WordPress Snap Creek Duplicator plugin contains a file download vulnerability when an administrator creates a new copy of their site that allows an attacker to download the generated files from their Wordpress dashboard. This vulnerability affects Duplicator and Dulplicator Pro.,WordPress,Snap Creek Duplicator Plugin
CVE-2020-10189,9.8,0.99941,0.99971,Zoho ManageEngine Desktop Central contains a file upload vulnerability that allows for unauthenticated remote code execution.,Zoho,ManageEngine
CVE-2020-29583,9.8,0.90155,0.99786,"Zyxel firewalls (ATP, USG, VM) and AP Controllers (NXC2500 and NXC5500) contain a use of hard-coded credentials vulnerability in an undocumented account (""zyfwp"") with an unchangeable password.",Zyxel,Multiple Products
